{"type":"FeatureCollection","generated":"2026-10-07T00:46:57Z","source":"Bison Futé / DIR (DATEX II) — Licence Ouverte 2.0","features":[{"type":"Feature","geometry":{"type":"Point","coordinates":[6.03332,45.59788]},"properties":{"cat":"accident","sev":"low","desc":"Glissement de terrain avec coupure de la chaussée avant Thorméroz entre Thoiry et St Jean d'Arvey. Déviation locale mise en place par la RD2"}},{"type":"Feature","geometry":{"type":"Point","coordinates":[1.83971,42.54981]},"properties":{"cat":"accident","sev":"medium","road":"N320","desc":"Effondrement du mur de soutènement de la chaussée"}},{"type":"Feature","geometry":{"type":"Point","coordinates":[4.31159,46.63]},"properties":{"cat":"accident","sev":"medium","road":"N70","desc":"à 10 km au sud de Montceau-les-Mines Blanzy · De Montceau-les-Mines vers Paray-le-Monial"}},{"type":"Feature","geometry":{"type":"Point","coordinates":[5.5958,44.96533]},"properties":{"cat":"accident","sev":"medium"}},{"type":"Feature","geometry":{"type":"Point","coordinates":[3.26228,45.50668]},"properties":{"cat":"accident","sev":"medium","road":"A75","desc":"Vitesse limitée a 110km/h du PR 35+600 au PR 35+235"}},{"type":"Feature","geometry":{"type":"Point","coordinates":[2.94455,47.40776]},"properties":{"cat":"accident","sev":"medium","road":"A77","desc":"Effondrement d'un talus et d'un mur anti-bruit"}},{"type":"Feature","geometry":{"type":"Point","coordinates":[4.28589,45.52903]},"properties":{"cat":"accident","sev":"medium","desc":"au sud de Andrézieux-Bouthéon sud · De Saint-Étienne vers Clermont-Ferrand"}},{"type":"Feature","geometry":{"type":"Point","coordinates":[2.92292,47.38409]},"properties":{"cat":"accident","sev":"medium","road":"A77","desc":"Effondrement d'un talus et d'un mur anti bruit."}},{"type":"Feature","geometry":{"type":"Point","coordinates":[4.69239,43.64679]},"properties":{"cat":"accident","sev":"medium","road":"N113","desc":"à 2 km à l'est de Aire des Cantarelles · De Salon-de-Provence vers Montpellier"}},{"type":"Feature","geometry":{"type":"Point","coordinates":[4.65435,43.95606]},"properties":{"cat":"accident","sev":"medium","road":"N100","desc":"De Avignon vers Remoulins"}},{"type":"Feature","geometry":{"type":"Point","coordinates":[5.34,43.36454]},"properties":{"cat":"accident","sev":"medium","road":"A55","desc":"à 7 km à l'est de Les Pennes Mirabeau · De Marseille vers Martigues"}},{"type":"Feature","geometry":{"type":"Point","coordinates":[5.29529,43.40497]},"properties":{"cat":"accident","sev":"medium","road":"A551","desc":"De Lyon (A7) vers Marseille (A55)"}},{"type":"Feature","geometry":{"type":"Point","coordinates":[6.1172,47.20697]},"properties":{"cat":"accident","sev":"low","desc":"Grue en panne (crevaison)."}},{"type":"Feature","geometry":{"type":"Point","coordinates":[5.4253,43.30684]},"properties":{"cat":"accident","sev":"medium","road":"A507","desc":"au sud de Saint-Julien · De A50 - Autoroute Est vers A7 - Autoroute du Soleil"}},{"type":"Feature","geometry":{"type":"Point","coordinates":[4.11344,44.07011]},"properties":{"cat":"accident","sev":"medium","road":"N106","desc":"à 5 km au sud de Alès · De Nîmes vers Mende"}},{"type":"Feature","geometry":{"type":"Point","coordinates":[5.42243,43.31994]},"properties":{"cat":"accident","sev":"medium","road":"A507","desc":"à 246 m au nord de Les Faïenciers · De A7 - Autoroute du Soleil vers A50 - Autoroute Est"}},{"type":"Feature","geometry":{"type":"Point","coordinates":[5.39802,43.33017]},"properties":{"cat":"accident","sev":"medium","road":"A507","desc":"De A50 - Autoroute Est vers A7 - Autoroute du Soleil"}},{"type":"Feature","geometry":{"type":"Point","coordinates":[5.9612,45.51315]},"properties":{"cat":"accident","sev":"low"}},{"type":"Feature","geometry":{"type":"Point","coordinates":[0.36536,45.74577]},"properties":{"cat":"accident","sev":"low","road":"N141","desc":"à 2 km à l'ouest de La Rochefoucauld · De Saintes vers Limoges"}},{"type":"Feature","geometry":{"type":"Point","coordinates":[-0.56918,49.1274]},"properties":{"cat":"accident","sev":"medium","road":"A84","desc":"à 225 m à l'ouest de Noyers-Bocage · De Rennes vers Caen"}},{"type":"Feature","geometry":{"type":"Point","coordinates":[2.05775,48.85558]},"properties":{"cat":"accident","sev":"low","road":"A13","desc":"Sur 0 m"}},{"type":"Feature","geometry":{"type":"Point","coordinates":[1.89358,48.7263]},"properties":{"cat":"accident","sev":"medium","road":"N10","desc":"Sur 0 m"}},{"type":"Feature","geometry":{"type":"Point","coordinates":[-2.28267,47.52385]},"properties":{"cat":"accident","sev":"medium","road":"N165","desc":"à 297 m à l'ouest de Nivillac · De Brest vers Nantes"}},{"type":"Feature","geometry":{"type":"Point","coordinates":[1.60167,42.84449]},"properties":{"cat":"fermeture","sev":"medium","road":"N20","desc":"Arrêté A-154(Ter)-2022"}},{"type":"Feature","geometry":{"type":"Point","coordinates":[-1.74772,48.10497]},"properties":{"cat":"fermeture","sev":"medium","road":"N24","desc":"La mesure est obligatoire"}},{"type":"Feature","geometry":{"type":"Point","coordinates":[6.1781,45.23877]},"properties":{"cat":"fermeture","sev":"medium","desc":"Le col du Glandon est fermé pour la saison hivernale. Habituellement le col est fermé pour la saison hivernale du 2ème lundi de novembre jus"}},{"type":"Feature","geometry":{"type":"Point","coordinates":[3.7625,49.74517]},"properties":{"cat":"fermeture","sev":"medium","road":"N2","desc":"Arrêté n° T 24-481 AI (Prorogation de l’arrêté T 23-548 AI)"}},{"type":"Feature","geometry":{"type":"Point","coordinates":[2.22594,48.82631]},"properties":{"cat":"fermeture","sev":"medium","desc":"Sortie 1 vers D7 fermée 24h/24 jusqu'en 2027"}},{"type":"Feature","geometry":{"type":"Point","coordinates":[0.69842,42.90849]},"properties":{"cat":"fermeture","sev":"medium","road":"N125","desc":"à 4 km au sud de Chaum"}},{"type":"Feature","geometry":{"type":"Point","coordinates":[0.69842,42.90849]},"properties":{"cat":"fermeture","sev":"medium","road":"N125","desc":"à 4 km au sud de Chaum"}},{"type":"Feature","geometry":{"type":"Point","coordinates":[0.69842,42.90849]},"properties":{"cat":"fermeture","sev":"medium","road":"N125","desc":"à 4 km au sud de Chaum"}},{"type":"Feature","geometry":{"type":"Point","coordinates":[0.69842,42.90849]},"properties":{"cat":"fermeture","sev":"medium","road":"N125","desc":"à 4 km au sud de Chaum"}},{"type":"Feature","geometry":{"type":"Point","coordinates":[1.62211,42.94675]},"properties":{"cat":"fermeture","sev":"medium","road":"N20","desc":"au sud de Saint-Jean-de-Verges"}},{"type":"Feature","geometry":{"type":"Point","coordinates":[1.62211,42.94675]},"properties":{"cat":"fermeture","sev":"medium","road":"N20","desc":"au sud de Saint-Jean-de-Verges"}},{"type":"Feature","geometry":{"type":"Point","coordinates":[1.62211,42.94675]},"properties":{"cat":"fermeture","sev":"medium","road":"N20","desc":"au sud de Saint-Jean-de-Verges"}},{"type":"Feature","geometry":{"type":"Point","coordinates":[1.62211,42.94675]},"properties":{"cat":"fermeture","sev":"medium","road":"N20","desc":"au sud de Saint-Jean-de-Verges"}},{"type":"Feature","geometry":{"type":"Point","coordinates":[1.62211,42.94675]},"properties":{"cat":"fermeture","sev":"medium","road":"N20","desc":"au sud de Saint-Jean-de-Verges"}},{"type":"Feature","geometry":{"type":"Point","coordinates":[1.62211,42.94675]},"properties":{"cat":"fermeture","sev":"medium","road":"N20","desc":"au sud de Saint-Jean-de-Verges"}},{"type":"Feature","geometry":{"type":"Point","coordinates":[6.03322,45.59857]},"properties":{"cat":"fermeture","sev":"low","desc":"Circulation en alternat sur la RD 21 en aval de Thorneroz suite à glissement de terrain. La mesure est obligatoire"}},{"type":"Feature","geometry":{"type":"Point","coordinates":[1.83584,42.6737]},"properties":{"cat":"fermeture","sev":"medium","road":"N20","desc":"L’arrêt et Le stationnement sont formellement interdits sur les deux sens"}},{"type":"Feature","geometry":{"type":"Point","coordinates":[1.83971,42.54981]},"properties":{"cat":"fermeture","sev":"medium","road":"N320","desc":"Circulation alternée à l'aide de panneaux B15 et C18"}},{"type":"Feature","geometry":{"type":"Point","coordinates":[5.89357,45.61831]},"properties":{"cat":"fermeture","sev":"low","desc":"Suite à effondrement de chaussée coupure de la RD 10 dans les 2 sens\nDurée indéterminée\nLa mesure est obligatoire"}},{"type":"Feature","geometry":{"type":"Point","coordinates":[4.22894,49.38467]},"properties":{"cat":"fermeture","sev":"medium","road":"N51","desc":"Arrêté n°T 26-152/08."}},{"type":"Feature","geometry":{"type":"Point","coordinates":[1.14125,49.48795]},"properties":{"cat":"fermeture","sev":"high","road":"N28","desc":"à 631 m au nord de Rouges Terres · De Rouen vers Isneauville"}},{"type":"Feature","geometry":{"type":"Point","coordinates":[1.13766,49.48225]},"properties":{"cat":"fermeture","sev":"high","road":"N28","desc":"à 585 m au sud de Échangeur-de-la-Ronce · De Isneauville vers Rouen"}},{"type":"Feature","geometry":{"type":"Point","coordinates":[6.59005,45.75156]},"properties":{"cat":"fermeture","sev":"low","desc":"A compter du lundi 20 Avril et jusqu'au vendredi 15 Octobre le pont sur le Dorinet à l'aval d'hauteluce sera fermé à toute circulation 24h/2"}},{"type":"Feature","geometry":{"type":"Point","coordinates":[6.5538,45.30351]},"properties":{"cat":"fermeture","sev":"low","desc":"A la suite d'une importante coulée de boue, la RD 117 est rouverte sous alternat de circulation. Mise en place de blocs béton sur une demie "}},{"type":"Feature","geometry":{"type":"Point","coordinates":[6.00227,45.70348]},"properties":{"cat":"fermeture","sev":"low","desc":"Mise en place d'un alternat de circulation suite à l'affaissement de la chaussée.\nLa mesure est obligatoire"}},{"type":"Feature","geometry":{"type":"Point","coordinates":[1.79337,42.57585]},"properties":{"cat":"fermeture","sev":"high","road":"N320","desc":"au sud de Pont-Cerda Tunnel du Puymorens"}},{"type":"Feature","geometry":{"type":"Point","coordinates":[1.79337,42.57585]},"properties":{"cat":"fermeture","sev":"high","road":"N320","desc":"au sud de Pont-Cerda Tunnel du Puymorens"}},{"type":"Feature","geometry":{"type":"Point","coordinates":[1.79337,42.57585]},"properties":{"cat":"fermeture","sev":"high","road":"N320","desc":"Du mardi 02/06/26 à 06h00 au jeudi 29/10/26 à 6h00, la RN22 (09), du PR 00+000 au PR 04+095 sera ouverte à tous les véhicules dans les deux "}},{"type":"Feature","geometry":{"type":"Point","coordinates":[6.4695,45.53924]},"properties":{"cat":"fermeture","sev":"low","desc":"RD990 Travaux de protection contre les chutes de blocs,la route est coupée entre le pont de la Fougère et le pont du Diable, une déviation e"}},{"type":"Feature","geometry":{"type":"Point","coordinates":[4.77693,49.73866]},"properties":{"cat":"fermeture","sev":"medium","road":"A34","desc":"Arrêté n° T26–149AR"}},{"type":"Feature","geometry":{"type":"Point","coordinates":[4.77693,49.73866]},"properties":{"cat":"fermeture","sev":"medium","road":"A34","desc":"à 2 km à l'est de Villers · De Reims vers Belgique"}},{"type":"Feature","geometry":{"type":"Point","coordinates":[4.32926,46.64772]},"properties":{"cat":"fermeture","sev":"medium","road":"N70","desc":"Voie de droite neutralisée jour et nuit, week-end et jours fériés y compris."}},{"type":"Feature","geometry":{"type":"Point","coordinates":[4.32941,46.64773]},"properties":{"cat":"fermeture","sev":"medium","road":"N70","desc":"Voie de gauche neutralisée, jour et nuit, week-end et jours fériés y compris"}},{"type":"Feature","geometry":{"type":"Point","coordinates":[3.72882,44.27538]},"properties":{"cat":"fermeture","sev":"medium","road":"N106","desc":"Ancienne RN 106, Viaduc de Poumas accès interdit au +3.5 T dés l entrée du délaissé."}},{"type":"Feature","geometry":{"type":"Point","coordinates":[6.6904,45.44003]},"properties":{"cat":"fermeture","sev":"low","desc":"Suite à une reconnaissance du site au niveau de l'incendie, réouverture de la RD915 accès au Planay avec mise en place d'un alternat de circ"}},{"type":"Feature","geometry":{"type":"Point","coordinates":[6.6904,45.44003]},"properties":{"cat":"fermeture","sev":"low","desc":"Mise en place d'un alternat La mesure est obligatoire"}},{"type":"Feature","geometry":{"type":"Point","coordinates":[2.14891,48.83226]},"properties":{"cat":"fermeture","sev":"medium","desc":"à 447 m à l'ouest de Vaucresson - Versailles · De Paris vers Cherbourg"}},{"type":"Feature","geometry":{"type":"Point","coordinates":[2.15306,48.83237]},"properties":{"cat":"fermeture","sev":"medium","desc":"à 3 km à l'ouest de Saint-Cloud - Ville d'Avray · De Paris vers Cherbourg"}},{"type":"Feature","geometry":{"type":"Point","coordinates":[2.21884,48.83946]},"properties":{"cat":"fermeture","sev":"medium","desc":"à 2 km à l'ouest de Bois de Boulogne · De Paris vers Cherbourg"}},{"type":"Feature","geometry":{"type":"Point","coordinates":[2.24917,48.84837]},"properties":{"cat":"fermeture","sev":"high","desc":"Ville de Paris"}},{"type":"Feature","geometry":{"type":"Point","coordinates":[2.25293,48.84913]},"properties":{"cat":"fermeture","sev":"high","desc":"à 75 m à l'ouest de Paris - Porte d'Auteuil · De Paris vers Cherbourg"}},{"type":"Feature","geometry":{"type":"Point","coordinates":[2.14373,48.83167]},"properties":{"cat":"fermeture","sev":"high","road":"A13","desc":"au nord de Paris - Porte d'Auteuil · De Paris vers Cherbourg"}},{"type":"Feature","geometry":{"type":"Point","coordinates":[5.5958,44.96533]},"properties":{"cat":"fermeture","sev":"medium","desc":"La mesure est obligatoire"}},{"type":"Feature","geometry":{"type":"Point","coordinates":[1.35486,43.6093]},"properties":{"cat":"fermeture","sev":"high","desc":"à l'est de Colomiers Est · De Toulouse vers Langon"}},{"type":"Feature","geometry":{"type":"Point","coordinates":[1.89137,43.85584]},"properties":{"cat":"fermeture","sev":"highest","road":"A68","desc":"La mesure est obligatoire"}},{"type":"Feature","geometry":{"type":"Point","coordinates":[1.77526,42.56097]},"properties":{"cat":"fermeture","sev":"medium","road":"N22","desc":"à 527 m à l'ouest de Le Poste de Douane"}},{"type":"Feature","geometry":{"type":"Point","coordinates":[6.55856,43.91478]},"properties":{"cat":"fermeture","sev":"high","road":"N202","desc":"Route fermée dans les 2 sens de 8H30 à 12H00 et de 14H00 à 17H00 du lundi au vendredi"}},{"type":"Feature","geometry":{"type":"Point","coordinates":[3.56718,49.33388]},"properties":{"cat":"fermeture","sev":"medium","road":"N31","desc":"Arrêté n° T 25-509 AI"}},{"type":"Feature","geometry":{"type":"Point","coordinates":[3.56718,49.33388]},"properties":{"cat":"fermeture","sev":"medium","road":"N31","desc":"à 5 km à l'est de Sermoise est · De Beauvais vers Reims"}},{"type":"Feature","geometry":{"type":"Point","coordinates":[3.51777,49.34036]},"properties":{"cat":"fermeture","sev":"medium","road":"N31","desc":"à 4 km à l'ouest de Bazoches-sur-Vesle · De Reims vers Beauvais"}},{"type":"Feature","geometry":{"type":"Point","coordinates":[3.66911,44.29669]},"properties":{"cat":"fermeture","sev":"medium","road":"N106","desc":"Interdiction à la circulation des véhicules de plus de 44 Tonnes Alternat par feux de chantier\nLa mesure est obligatoire"}},{"type":"Feature","geometry":{"type":"Point","coordinates":[-2.24917,48.2002]},"properties":{"cat":"fermeture","sev":"medium","desc":"à 11 km à l'est de Merdrignac Z.A. · De Rennes vers Chateaulin"}},{"type":"Feature","geometry":{"type":"Point","coordinates":[-2.25473,48.19891]},"properties":{"cat":"fermeture","sev":"medium","desc":"à 5 km à l'ouest de Saint-Méen-le-Grand · De Chateaulin vers Rennes"}},{"type":"Feature","geometry":{"type":"Point","coordinates":[-2.72104,47.67111]},"properties":{"cat":"fermeture","sev":"medium","desc":"à 1 km au sud de Tréalvé · De Vannes vers Ploërmel"}},{"type":"Feature","geometry":{"type":"Point","coordinates":[-2.72289,47.67018]},"properties":{"cat":"fermeture","sev":"medium","desc":"au sud de Le Liziec · De Vannes vers Ploërmel"}},{"type":"Feature","geometry":{"type":"Point","coordinates":[6.77226,48.43761]},"properties":{"cat":"fermeture","sev":"medium","road":"N59","desc":"La mesure est obligatoire"}},{"type":"Feature","geometry":{"type":"Point","coordinates":[6.79561,48.41736]},"properties":{"cat":"fermeture","sev":"medium","road":"N59","desc":"La mesure est obligatoire"}},{"type":"Feature","geometry":{"type":"Point","coordinates":[6.77226,48.43761]},"properties":{"cat":"fermeture","sev":"medium","road":"N59","desc":"La mesure est obligatoire"}},{"type":"Feature","geometry":{"type":"Point","coordinates":[1.73792,42.54944]},"properties":{"cat":"fermeture","sev":"medium","road":"N22","desc":"La circulation sera alternée manuellement par piquets K10 en journée.\nDes microcoupures de la RN22 (maximum 05 minutes) sont à prévoir."}},{"type":"Feature","geometry":{"type":"Point","coordinates":[6.59374,45.43279]},"properties":{"cat":"fermeture","sev":"low","desc":"RD98 Travaux de construction d'un ouvrage la Tania accès à Méribel-Village et au hameau du Plantin la circulation sera totalement interrompu"}},{"type":"Feature","geometry":{"type":"Point","coordinates":[4.59958,45.52448]},"properties":{"cat":"fermeture","sev":"medium","road":"A47","desc":"La mesure est obligatoire"}},{"type":"Feature","geometry":{"type":"Point","coordinates":[2.2749,48.95745]},"properties":{"cat":"fermeture","sev":"high","desc":"La mesure est obligatoire"}},{"type":"Feature","geometry":{"type":"Point","coordinates":[5.94641,46.6649]},"properties":{"cat":"fermeture","sev":"medium","road":"N5","desc":"Alternat de trafic par feux tricolores.\nLa mesure est obligatoire"}},{"type":"Feature","geometry":{"type":"Point","coordinates":[-1.78287,47.32849]},"properties":{"cat":"fermeture","sev":"medium","road":"N165","desc":"à 922 m à l'est de Le Temple-de-Bretagne · De Nantes vers Brest"}},{"type":"Feature","geometry":{"type":"Point","coordinates":[-1.75721,48.55363]},"properties":{"cat":"fermeture","sev":"medium","desc":"à 256 m à l'est de Dol-de-Bretagne · De Avranches vers Saint-Brieuc"}},{"type":"Feature","geometry":{"type":"Point","coordinates":[-1.764,48.55237]},"properties":{"cat":"fermeture","sev":"medium","desc":"à 254 m à l'ouest de Dol-de-Bretagne · De Saint-Brieuc vers Avranches"}},{"type":"Feature","geometry":{"type":"Point","coordinates":[-3.75555,48.21679]},"properties":{"cat":"fermeture","sev":"medium","road":"N164","desc":"à 3 km à l'ouest de Botaval"}},{"type":"Feature","geometry":{"type":"Point","coordinates":[-3.70942,48.21807]},"properties":{"cat":"fermeture","sev":"medium","desc":"- La bretelle de sortie est fermée. Une déviation est mise en place par la RN164 jusqu’à l’échangeur de Botaval PR11+868 pour y faire demi-t"}},{"type":"Feature","geometry":{"type":"Point","coordinates":[-3.70661,48.21843]},"properties":{"cat":"fermeture","sev":"medium","desc":"- La bretelle d’insertion est fermée. Une déviation est mise en place par la RD217 jusqu’à\nl’échangeur de Botaval."}},{"type":"Feature","geometry":{"type":"Point","coordinates":[-3.27931,47.78812]},"properties":{"cat":"fermeture","sev":"medium","desc":"Suivre déviation"}},{"type":"Feature","geometry":{"type":"Point","coordinates":[-3.27931,47.78812]},"properties":{"cat":"fermeture","sev":"medium","desc":"à 142 m à l'ouest de Hennebont · De Brest vers Nantes"}},{"type":"Feature","geometry":{"type":"Point","coordinates":[-3.27931,47.78812]},"properties":{"cat":"fermeture","sev":"medium","desc":"Les usagers venant de Quimper sur la RN165 souhaitant sortir à la bretelle de sortie de l’échangeur de \"Locoyarne\" au PR 90+000 en direction"}},{"type":"Feature","geometry":{"type":"Point","coordinates":[1.82604,42.54486]},"properties":{"cat":"fermeture","sev":"medium","road":"N320","desc":"microcoupures par piquet K10 (inférieure à 10 mn)"}},{"type":"Feature","geometry":{"type":"Point","coordinates":[3.24943,44.57952]},"properties":{"cat":"fermeture","sev":"medium","road":"A75","desc":"La mesure est obligatoire"}},{"type":"Feature","geometry":{"type":"Point","coordinates":[3.25285,44.59168]},"properties":{"cat":"fermeture","sev":"medium","road":"A75","desc":"La mesure est obligatoire"}},{"type":"Feature","geometry":{"type":"Point","coordinates":[3.25604,44.55074]},"properties":{"cat":"fermeture","sev":"medium","road":"A75","desc":"La mesure est obligatoire"}},{"type":"Feature","geometry":{"type":"Point","coordinates":[2.94455,47.40776]},"properties":{"cat":"fermeture","sev":"medium","road":"A77","desc":"Voie de droite neutralisée,Jour et nuit,Week-end et jours fériés y compris\nBretelle de sortie échangeur 23 fermée"}},{"type":"Feature","geometry":{"type":"Point","coordinates":[2.74953,45.08987]},"properties":{"cat":"fermeture","sev":"high","road":"N122","desc":"tunnel ferme\nLa mesure est obligatoire"}},{"type":"Feature","geometry":{"type":"Point","coordinates":[2.72703,45.07669]},"properties":{"cat":"fermeture","sev":"high","road":"N122","desc":"Alternat sur OA Lastache\nLa mesure est obligatoire"}},{"type":"Feature","geometry":{"type":"Point","coordinates":[-3.27616,47.78856]},"properties":{"cat":"fermeture","sev":"medium","road":"N165","desc":"à 115 m à l'ouest de Landévant"}},{"type":"Feature","geometry":{"type":"Point","coordinates":[6.00303,47.21408]},"properties":{"cat":"fermeture","sev":"high","road":"N57","desc":"Neutralisation de la voie de gauche dans le sens Pontarlier vers Besançon. La mesure est obligatoire"}},{"type":"Feature","geometry":{"type":"Point","coordinates":[6.06621,47.21654]},"properties":{"cat":"fermeture","sev":"high","road":"N57","desc":"Fermeture de la voie des Mercureaux (RN57) dans le sens Besançon vers Pontarlier et déviation locale par l?itinéraire S4 du plan de gestion "}},{"type":"Feature","geometry":{"type":"Point","coordinates":[6.06621,47.21654]},"properties":{"cat":"fermeture","sev":"high","road":"N57","desc":"DÉVIATION du sens Besançon ? Pontarlier: déviation par l?itinéraire S4 du plan de gestion du trafic de Besançon. DÉVIATION du sens Pontarlie"}},{"type":"Feature","geometry":{"type":"Point","coordinates":[5.99917,47.21085]},"properties":{"cat":"fermeture","sev":"high","road":"N57","desc":"DÉVIATION du sens Pontarlier ? Besançon de la N57 : déviation par l?itinéraire S7 du plan de gestion du trafic de Besançon.\nLa mesure est ob"}},{"type":"Feature","geometry":{"type":"Point","coordinates":[1.80765,42.72779]},"properties":{"cat":"fermeture","sev":"medium","road":"N20","desc":"à 549 m au sud de Les Cabannes"}},{"type":"Feature","geometry":{"type":"Point","coordinates":[-3.16444,48.5494]},"properties":{"cat":"fermeture","sev":"medium","road":"N12","desc":"à 3 km à l'est de Keranrouan - Hent-Guer · De Brest vers Paris"}},{"type":"Feature","geometry":{"type":"Point","coordinates":[-3.20562,48.56534]},"properties":{"cat":"fermeture","sev":"medium","desc":"Déviation : RD712 direction Tréglamus, bretelle d'insertion RN12 échangeur Kerrouan"}},{"type":"Feature","geometry":{"type":"Point","coordinates":[-3.16634,48.5494]},"properties":{"cat":"fermeture","sev":"medium","desc":"Déviation : route de Kerbost, rue de porsmin, bretelle pour la RN 12 échangeur de Graces"}},{"type":"Feature","geometry":{"type":"Point","coordinates":[-3.16636,48.54941]},"properties":{"cat":"fermeture","sev":"medium","desc":"Déviation: continuer sur la RN12 demi-tour échangeur La Chesnaye pour sortie Callac"}},{"type":"Feature","geometry":{"type":"Point","coordinates":[-3.22132,48.56626]},"properties":{"cat":"fermeture","sev":"medium","road":"N12","desc":"à 1 km à l'ouest de Kernilien · De Paris vers Brest"}},{"type":"Feature","geometry":{"type":"Point","coordinates":[-3.2159,48.56556]},"properties":{"cat":"fermeture","sev":"medium","road":"N12","desc":"à 3 km à l'est de Keranrouan - Hent-Guer · De Brest vers Paris"}},{"type":"Feature","geometry":{"type":"Point","coordinates":[-3.16047,48.54892]},"properties":{"cat":"fermeture","sev":"medium","road":"N12","desc":"à 603 m à l'ouest de Bellevue · De Paris vers Brest"}},{"type":"Feature","geometry":{"type":"Point","coordinates":[2.56016,46.36587]},"properties":{"cat":"fermeture","sev":"high","road":"N145","desc":"sens Guéret Montluçon sur le sens Montluçon Guéret"}},{"type":"Feature","geometry":{"type":"Point","coordinates":[2.56922,46.37101]},"properties":{"cat":"fermeture","sev":"high","road":"N145","desc":"à 26 km à l'est de Gouzon · De Bellac vers Montluçon"}},{"type":"Feature","geometry":{"type":"Point","coordinates":[2.51758,46.32087]},"properties":{"cat":"fermeture","sev":"high","road":"N145","desc":"à 4 km à l'ouest de Les Varennes · De Montluçon vers Bellac"}},{"type":"Feature","geometry":{"type":"Point","coordinates":[-1.61882,47.20041]},"properties":{"cat":"fermeture","sev":"medium","road":"N844","desc":"à 592 m au sud de Nantes Porte d'Armor · De Nantes Porte d'Anjou vers Nantes Porte d'Orvault"}},{"type":"Feature","geometry":{"type":"Point","coordinates":[-1.61882,47.20041]},"properties":{"cat":"fermeture","sev":"high","road":"N844","desc":"à 592 m au sud de Nantes Porte d'Armor · De Nantes Porte d'Anjou vers Nantes Porte d'Orvault"}},{"type":"Feature","geometry":{"type":"Point","coordinates":[-1.62538,47.21569]},"properties":{"cat":"fermeture","sev":"high","road":"N844","desc":"à 1 km au nord de Nantes Porte de Bouguenais · De Nantes Porte d'Orvault vers Nantes Porte d'Anjou"}},{"type":"Feature","geometry":{"type":"Point","coordinates":[-1.60924,47.17795]},"properties":{"cat":"fermeture","sev":"medium","desc":"à 1 km au sud de Nantes Pont de Cheviré · De Nantes Porte d'Orvault vers Nantes Porte d'Anjou"}},{"type":"Feature","geometry":{"type":"Point","coordinates":[-1.60924,47.17795]},"properties":{"cat":"fermeture","sev":"medium","desc":"à 1 km au sud de Nantes Pont de Cheviré · De Nantes Porte d'Orvault vers Nantes Porte d'Anjou"}},{"type":"Feature","geometry":{"type":"Point","coordinates":[-1.60758,47.1802]},"properties":{"cat":"fermeture","sev":"medium","road":"N844","desc":"au nord de Porte de Retz · De Nantes Porte d'Orvault vers Nantes Porte d'Anjou"}},{"type":"Feature","geometry":{"type":"Point","coordinates":[-1.60758,47.1802]},"properties":{"cat":"fermeture","sev":"high","road":"N844","desc":"au nord de Porte de Retz · De Nantes Porte d'Orvault vers Nantes Porte d'Anjou"}},{"type":"Feature","geometry":{"type":"Point","coordinates":[-1.60758,47.1802]},"properties":{"cat":"fermeture","sev":"high","road":"N844","desc":"au sud de Nantes Porte de Bouguenais · De Nantes Porte d'Orvault vers Nantes Porte d'Anjou"}},{"type":"Feature","geometry":{"type":"Point","coordinates":[3.73658,44.65369]},"properties":{"cat":"fermeture","sev":"medium","road":"N88","desc":"La mesure est obligatoire"}},{"type":"Feature","geometry":{"type":"Point","coordinates":[-2.64896,48.48069]},"properties":{"cat":"fermeture","sev":"medium","desc":"à 241 m à l'ouest de Saint-René · De Brest vers Paris"}},{"type":"Feature","geometry":{"type":"Point","coordinates":[-2.67488,48.48025]},"properties":{"cat":"fermeture","sev":"medium","desc":"à 197 m à l'ouest de Aire d'Yffiniac · De Brest vers Paris"}},{"type":"Feature","geometry":{"type":"Point","coordinates":[-2.61708,48.47784]},"properties":{"cat":"fermeture","sev":"medium","desc":"à 94 m à l'ouest de Sainte-Anne · De Brest vers Paris"}},{"type":"Feature","geometry":{"type":"Point","coordinates":[2.92292,47.38409]},"properties":{"cat":"fermeture","sev":"medium","road":"A77","desc":"Voie de droite neutralisée jour et nuit weekend et jour férié y compris."}},{"type":"Feature","geometry":{"type":"Point","coordinates":[2.44683,48.79956]},"properties":{"cat":"fermeture","sev":"medium","desc":"à 1 km à l'est de Valenton - Villeneuve-Saint-Ge · De Versailles vers Rueil-Malmaison"}},{"type":"Feature","geometry":{"type":"Point","coordinates":[1.73755,42.5478]},"properties":{"cat":"fermeture","sev":"medium","road":"N22","desc":"à 5 km à l'ouest de Le Poste de Douane"}},{"type":"Feature","geometry":{"type":"Point","coordinates":[-1.51769,47.17117]},"properties":{"cat":"fermeture","sev":"high","road":"N844","desc":"à 2 km à l'ouest de Porte de Saint-Sébastien · De Nantes Porte d'Orvault vers Nantes Porte d'Anjou"}},{"type":"Feature","geometry":{"type":"Point","coordinates":[-1.50484,47.17866]},"properties":{"cat":"fermeture","sev":"high","desc":"à 229 m à l'ouest de Porte de Vertou · De Nantes Porte d'Orvault vers Nantes Porte d'Anjou"}},{"type":"Feature","geometry":{"type":"Point","coordinates":[-1.51379,47.17378]},"properties":{"cat":"fermeture","sev":"high","desc":"à 681 m à l'ouest de Porte de Vertou · De Nantes Porte d'Orvault vers Nantes Porte d'Anjou"}},{"type":"Feature","geometry":{"type":"Point","coordinates":[-1.51425,47.15235]},"properties":{"cat":"fermeture","sev":"medium","road":"A83","desc":"Réduction de la largeur des voies à 6.00 mètres avec une largeur à 2.80 mètres pour la voie de gauche et une largeur à 3.20 mètres pour la v"}},{"type":"Feature","geometry":{"type":"Point","coordinates":[-1.51457,47.14697]},"properties":{"cat":"fermeture","sev":"medium","road":"A83","desc":"à 1 km au nord de Les Sorinières · De Niort vers Nantes"}},{"type":"Feature","geometry":{"type":"Point","coordinates":[-3.88444,47.92057]},"properties":{"cat":"fermeture","sev":"medium","road":"N165","desc":"Dans le sens Quimper vers Brest, la voie de gauche est neutralisée entre le PR 34+700 et le PR 32+950.\nDans le sens Lorient vers Quimper la "}},{"type":"Feature","geometry":{"type":"Point","coordinates":[5.72096,48.68433]},"properties":{"cat":"fermeture","sev":"medium","road":"N4","desc":"Basculement de circulation du sens Paris -> Nancy sur le sens opposé.\nLa mesure est obligatoire"}},{"type":"Feature","geometry":{"type":"Point","coordinates":[-0.10276,46.65336]},"properties":{"cat":"fermeture","sev":"high","road":"N149","desc":"à 5 km à l'est de Parthenay · De Nantes vers Poitiers"}},{"type":"Feature","geometry":{"type":"Point","coordinates":[-0.14064,46.65146]},"properties":{"cat":"fermeture","sev":"high","road":"N149","desc":"à 2 km à l'ouest de La Ferrière-en-Parthenay · De Poitiers vers Nantes"}},{"type":"Feature","geometry":{"type":"Point","coordinates":[-0.13933,46.65154]},"properties":{"cat":"fermeture","sev":"high","road":"N149","desc":"Le sens Poitiers => Nantes est basculé sur le sens Nantes => Poitiers."}},{"type":"Feature","geometry":{"type":"Point","coordinates":[3.13666,44.01488]},"properties":{"cat":"fermeture","sev":"medium","desc":"à 147 m au nord de La Cavalerie · De Clermont-Ferrand vers Béziers"}},{"type":"Feature","geometry":{"type":"Point","coordinates":[3.06697,44.03167]},"properties":{"cat":"fermeture","sev":"medium","road":"A75","desc":"transports exceptionnels :\nCirculation sens Clermont Ferrand vers Béziers : circulation interdite au convoi de plus de 3.50 m de large ou 25"}},{"type":"Feature","geometry":{"type":"Point","coordinates":[3.06471,44.03149]},"properties":{"cat":"fermeture","sev":"medium","desc":"à 6 km au nord de La Cavalerie · De Clermont-Ferrand vers Béziers"}},{"type":"Feature","geometry":{"type":"Point","coordinates":[1.83579,42.67284]},"properties":{"cat":"fermeture","sev":"medium","road":"N20","desc":"à 6 km au sud de Ax-les-Thermes"}},{"type":"Feature","geometry":{"type":"Point","coordinates":[4.52201,49.90527]},"properties":{"cat":"fermeture","sev":"medium","road":"A304"}},{"type":"Feature","geometry":{"type":"Point","coordinates":[6.56251,44.7941]},"properties":{"cat":"fermeture","sev":"highest","road":"N94","desc":"Pendant la fermeture, une déviation sera mise en place comme suit pour les liaisons Gap-Briançon : ◦ les véhicules ayant un PTAC inférieure "}},{"type":"Feature","geometry":{"type":"Point","coordinates":[3.7808,46.21853]},"properties":{"cat":"fermeture","sev":"high","road":"N7","desc":"à 2 km à l'ouest de Saint-Martin-d'estréaux"}},{"type":"Feature","geometry":{"type":"Point","coordinates":[3.7808,46.21853]},"properties":{"cat":"fermeture","sev":"high","road":"N7","desc":"à 2 km à l'ouest de Saint-Martin-d'estréaux"}},{"type":"Feature","geometry":{"type":"Point","coordinates":[3.78776,46.21759]},"properties":{"cat":"fermeture","sev":"high","road":"N7","desc":"La circulation du sens 1 est basculée sur la voie de gauche du sens 2 avec limitation de vitesse adaptée."}},{"type":"Feature","geometry":{"type":"Point","coordinates":[3.78776,46.21759]},"properties":{"cat":"fermeture","sev":"high","road":"N7","desc":"Sortie n°1 de l'échangeur 57 (Le Grand Remblai au PR 71+060) fermée."}},{"type":"Feature","geometry":{"type":"Point","coordinates":[3.78776,46.21759]},"properties":{"cat":"fermeture","sev":"high","road":"N7","desc":"à 5 km à l'est de Lapalisse"}},{"type":"Feature","geometry":{"type":"Point","coordinates":[3.78776,46.21759]},"properties":{"cat":"fermeture","sev":"high","road":"N7","desc":"Bretelle d'entrée n°2 de l'échangeur 57 (Le Grand Remblai) fermée."}},{"type":"Feature","geometry":{"type":"Point","coordinates":[3.78776,46.21759]},"properties":{"cat":"fermeture","sev":"high","road":"N7","desc":"à 5 km à l'est de Lapalisse"}},{"type":"Feature","geometry":{"type":"Point","coordinates":[3.78776,46.21759]},"properties":{"cat":"fermeture","sev":"high","road":"N7","desc":"Bretelle de sortie n°1 de l'échangeur 58 (Saint-Martin au PR 81+147) fermée."}},{"type":"Feature","geometry":{"type":"Point","coordinates":[3.78776,46.21759]},"properties":{"cat":"fermeture","sev":"high","road":"N7","desc":"à 5 km à l'est de Lapalisse"}},{"type":"Feature","geometry":{"type":"Point","coordinates":[4.30637,46.62741]},"properties":{"cat":"fermeture","sev":"medium","road":"N70","desc":"Jours et nuits"}},{"type":"Feature","geometry":{"type":"Point","coordinates":[4.31518,46.63118]},"properties":{"cat":"fermeture","sev":"medium","road":"N70","desc":"à 5 km au nord de 42096 · De Paray-le-Monial vers Montceau-les-Mines"}},{"type":"Feature","geometry":{"type":"Point","coordinates":[1.76731,42.55782]},"properties":{"cat":"fermeture","sev":"medium","road":"N22","desc":"la circulation sera alternée par piquets K10"}},{"type":"Feature","geometry":{"type":"Point","coordinates":[0.52395,46.48593]},"properties":{"cat":"fermeture","sev":"high","road":"N147","desc":"à 9 km au nord de Lhommaizé · De Limoges vers Poitiers"}},{"type":"Feature","geometry":{"type":"Point","coordinates":[0.52581,46.48557]},"properties":{"cat":"fermeture","sev":"high","road":"N147","desc":"à 12 km au sud de Poitiers · De Poitiers vers Limoges"}},{"type":"Feature","geometry":{"type":"Point","coordinates":[0.54053,46.47507]},"properties":{"cat":"fermeture","sev":"high","road":"N147","desc":"basculement de chaussée de Nantes vers limoges sur limoges vers Nantes"}},{"type":"Feature","geometry":{"type":"Point","coordinates":[4.25143,44.6745]},"properties":{"cat":"fermeture","sev":"medium","road":"N102","desc":"La mesure est obligatoire"}},{"type":"Feature","geometry":{"type":"Point","coordinates":[-1.59964,47.26411]},"properties":{"cat":"fermeture","sev":"medium","road":"A844","desc":"Nécessité de réglementer la circulation des véhicules pour permettre le bon déroulement du stationnement et des manœuvres en contresens, de "}},{"type":"Feature","geometry":{"type":"Point","coordinates":[5.38648,47.85821]},"properties":{"cat":"fermeture","sev":"medium","road":"N19","desc":"Alternat par feux tricolores auto-adaptatifs.\nLa mesure est obligatoire"}},{"type":"Feature","geometry":{"type":"Point","coordinates":[6.36106,46.78756]},"properties":{"cat":"fermeture","sev":"high","road":"N57","desc":"Giratoire fermé côté Pontarlier => suivre les déviations locales.\nLa mesure est obligatoire"}},{"type":"Feature","geometry":{"type":"Point","coordinates":[0.26647,46.45468]},"properties":{"cat":"fermeture","sev":"medium","road":"N10","desc":"La mesure est obligatoire"}},{"type":"Feature","geometry":{"type":"Point","coordinates":[4.37546,45.40432]},"properties":{"cat":"fermeture","sev":"medium","road":"N88","desc":"La mesure est obligatoire"}},{"type":"Feature","geometry":{"type":"Point","coordinates":[5.99931,47.21173]},"properties":{"cat":"fermeture","sev":"medium","road":"N57","desc":"Voie de droite neutralisée.\nLa mesure est obligatoire"}},{"type":"Feature","geometry":{"type":"Point","coordinates":[1.73449,42.77034]},"properties":{"cat":"fermeture","sev":"medium","road":"N20","desc":"à 6 km au sud de Les Cabannes"}},{"type":"Feature","geometry":{"type":"Point","coordinates":[2.41637,44.90044]},"properties":{"cat":"fermeture","sev":"medium","road":"N122","desc":"Abaissement de la vitesse a 50km/h\nLa mesure est obligatoire"}},{"type":"Feature","geometry":{"type":"Point","coordinates":[0.17485,46.28519]},"properties":{"cat":"fermeture","sev":"medium","road":"N10","desc":"La mesure est obligatoire"}},{"type":"Feature","geometry":{"type":"Point","coordinates":[6.25546,47.64174]},"properties":{"cat":"fermeture","sev":"medium","road":"N19","desc":"Alternat.\nLa mesure est obligatoire"}},{"type":"Feature","geometry":{"type":"Point","coordinates":[4.91624,48.64153]},"properties":{"cat":"fermeture","sev":"medium","desc":"Sur 600 m au début de la bretelle.\nTravaux jusqu'au 01/02/2027. Mise en 2x2 voies.\nLa mesure est obligatoire"}},{"type":"Feature","geometry":{"type":"Point","coordinates":[4.91192,48.64081]},"properties":{"cat":"fermeture","sev":"medium","desc":"Sur 400 m à 0 m de la fin de la bretelle.\nTravaux jusqu'au 01/02/2027. Mise en 2x2 voies.\nLa mesure est obligatoire"}},{"type":"Feature","geometry":{"type":"Point","coordinates":[4.87853,48.64572]},"properties":{"cat":"fermeture","sev":"medium","road":"N4","desc":"Basculement de circulation du sens Nancy vers Paris sur le sens opposé. Travaux jusqu'au 01/02/2027. Mise en 2x2 voies.\nLa mesure est obliga"}},{"type":"Feature","geometry":{"type":"Point","coordinates":[-2.77088,48.19293]},"properties":{"cat":"fermeture","sev":"medium","road":"N164","desc":"à 254 m à l'ouest de Loudéac nord · De Rennes vers Chateaulin"}},{"type":"Feature","geometry":{"type":"Point","coordinates":[-2.77116,48.19288]},"properties":{"cat":"fermeture","sev":"medium","desc":"à 267 m à l'est de Loudéac - Trévé · De Rennes vers Chateaulin"}},{"type":"Feature","geometry":{"type":"Point","coordinates":[-1.34174,48.64003]},"properties":{"cat":"fermeture","sev":"medium","road":"N175","desc":"Vitesse limitée à 90 km/h sur toutes voies La mesure est obligatoire"}},{"type":"Feature","geometry":{"type":"Point","coordinates":[3.14677,47.03433]},"properties":{"cat":"fermeture","sev":"medium","road":"A77","desc":"Neutralisation de la voie de gauche, de jour comme de nuit, week-end y compris, dans les deux sens de circulation."}},{"type":"Feature","geometry":{"type":"Point","coordinates":[4.82376,45.2695]},"properties":{"cat":"fermeture","sev":"medium","road":"N7","desc":"La mesure est obligatoire"}},{"type":"Feature","geometry":{"type":"Point","coordinates":[4.82376,45.2695]},"properties":{"cat":"fermeture","sev":"medium","road":"N7","desc":"La mesure est obligatoire"}},{"type":"Feature","geometry":{"type":"Point","coordinates":[4.82376,45.2695]},"properties":{"cat":"fermeture","sev":"medium","road":"N7","desc":"La mesure est obligatoire"}},{"type":"Feature","geometry":{"type":"Point","coordinates":[4.82376,45.2695]},"properties":{"cat":"fermeture","sev":"medium","road":"N7","desc":"La mesure est obligatoire"}},{"type":"Feature","geometry":{"type":"Point","coordinates":[-3.62359,47.87636]},"properties":{"cat":"fermeture","sev":"medium","road":"N165","desc":"à 878 m à l'ouest de Viaduc de la Laïta · De Nantes vers Brest"}},{"type":"Feature","geometry":{"type":"Point","coordinates":[-3.58578,47.86724]},"properties":{"cat":"fermeture","sev":"medium","desc":"Suivre déviation"}},{"type":"Feature","geometry":{"type":"Point","coordinates":[-3.5845,47.86773]},"properties":{"cat":"fermeture","sev":"medium","desc":"Suivre déviation"}},{"type":"Feature","geometry":{"type":"Point","coordinates":[5.34654,43.34995]},"properties":{"cat":"fermeture","sev":"medium","road":"A55","desc":"La mesure est obligatoire"}},{"type":"Feature","geometry":{"type":"Point","coordinates":[5.32079,43.37144]},"properties":{"cat":"fermeture","sev":"medium","road":"A55","desc":"La mesure est obligatoire"}},{"type":"Feature","geometry":{"type":"Point","coordinates":[3.32724,43.72944]},"properties":{"cat":"fermeture","sev":"high","road":"A75","desc":"La mesure est obligatoire"}},{"type":"Feature","geometry":{"type":"Point","coordinates":[3.33026,43.74958]},"properties":{"cat":"fermeture","sev":"high","road":"A75","desc":"La mesure est obligatoire"}},{"type":"Feature","geometry":{"type":"Point","coordinates":[3.32465,43.72467]},"properties":{"cat":"fermeture","sev":"high","road":"A75","desc":"La mesure est obligatoire"}},{"type":"Feature","geometry":{"type":"Point","coordinates":[3.32465,43.72467]},"properties":{"cat":"fermeture","sev":"high","road":"A75","desc":"La mesure est obligatoire"}},{"type":"Feature","geometry":{"type":"Point","coordinates":[2.17628,46.19406]},"properties":{"cat":"fermeture","sev":"high","road":"N145","desc":"Basculement de la circulation du sens Montluçon vers Guéret sur le sens Guéret vers Montluçon"}},{"type":"Feature","geometry":{"type":"Point","coordinates":[2.15574,46.19587]},"properties":{"cat":"fermeture","sev":"high","road":"N145","desc":"à 3 km à l'ouest de Gouzon · De Montluçon vers Bellac"}},{"type":"Feature","geometry":{"type":"Point","coordinates":[2.18152,46.19536]},"properties":{"cat":"fermeture","sev":"high","road":"N145","desc":"à 4 km à l'est de Jarnages · De Bellac vers Montluçon"}},{"type":"Feature","geometry":{"type":"Point","coordinates":[-0.56037,42.81697]},"properties":{"cat":"fermeture","sev":"medium","road":"N1134","desc":"La mesure est obligatoire"}},{"type":"Feature","geometry":{"type":"Point","coordinates":[-0.56037,42.81697]},"properties":{"cat":"fermeture","sev":"medium","road":"N1134","desc":"La mesure est obligatoire"}},{"type":"Feature","geometry":{"type":"Point","coordinates":[1.78944,50.10973]},"properties":{"cat":"fermeture","sev":"medium","road":"A28","desc":"La mesure est obligatoire"}},{"type":"Feature","geometry":{"type":"Point","coordinates":[2.38979,47.02624]},"properties":{"cat":"fermeture","sev":"high","road":"N142","desc":"à 627 m à l'ouest de Carrefour de Trouy"}},{"type":"Feature","geometry":{"type":"Point","coordinates":[2.38979,47.02624]},"properties":{"cat":"fermeture","sev":"high","road":"N142","desc":"à 627 m à l'ouest de Carrefour de Trouy"}},{"type":"Feature","geometry":{"type":"Point","coordinates":[-0.6108,43.07674]},"properties":{"cat":"fermeture","sev":"medium","road":"N134","desc":"La mesure est obligatoire"}},{"type":"Feature","geometry":{"type":"Point","coordinates":[6.02885,47.21082]},"properties":{"cat":"fermeture","sev":"medium","road":"N57","desc":"Neutralisation de la voie de droite.\nLa mesure est obligatoire"}},{"type":"Feature","geometry":{"type":"Point","coordinates":[1.49396,45.19047]},"properties":{"cat":"fermeture","sev":"medium","road":"A20","desc":"à 2 km au nord de Brive Cana - Objat · De Toulouse vers Paris"}},{"type":"Feature","geometry":{"type":"Point","coordinates":[2.03616,47.23141]},"properties":{"cat":"fermeture","sev":"medium","road":"A20","desc":"au sud de Vierzon · De Paris vers Toulouse"}},{"type":"Feature","geometry":{"type":"Point","coordinates":[4.99813,49.69157]},"properties":{"cat":"fermeture","sev":"medium","road":"N58","desc":"De Charleville vers Belgique"}},{"type":"Feature","geometry":{"type":"Point","coordinates":[4.99491,49.6822]},"properties":{"cat":"fermeture","sev":"medium","desc":"sur bretelle d'entrée · De Charleville vers Belgique"}},{"type":"Feature","geometry":{"type":"Point","coordinates":[4.99491,49.6822]},"properties":{"cat":"fermeture","sev":"medium","desc":"sur bretelle d'entrée · De Charleville vers Belgique"}},{"type":"Feature","geometry":{"type":"Point","coordinates":[4.99492,49.68538]},"properties":{"cat":"fermeture","sev":"medium","desc":"sur bretelle de sortie · De Belgique vers Charleville"}},{"type":"Feature","geometry":{"type":"Point","coordinates":[4.99492,49.68538]},"properties":{"cat":"fermeture","sev":"medium","desc":"sur bretelle de sortie · De Belgique vers Charleville"}},{"type":"Feature","geometry":{"type":"Point","coordinates":[1.61917,42.8239]},"properties":{"cat":"fermeture","sev":"medium","road":"N20","desc":"à 2 km au sud de Tarascon-sur-Ariège sud"}},{"type":"Feature","geometry":{"type":"Point","coordinates":[0.67928,42.92538]},"properties":{"cat":"fermeture","sev":"medium","road":"N125","desc":"La longueur de l’alternat ne pourra pas excéder 100 mètres"}},{"type":"Feature","geometry":{"type":"Point","coordinates":[5.73357,46.82326]},"properties":{"cat":"fermeture","sev":"medium","road":"N5","desc":"Alternat.\nLa mesure est obligatoire"}},{"type":"Feature","geometry":{"type":"Point","coordinates":[1.93276,42.45571]},"properties":{"cat":"fermeture","sev":"medium","road":"N20","desc":"à 3 km au sud de Latour-de-Carol"}},{"type":"Feature","geometry":{"type":"Point","coordinates":[1.50576,45.10969]},"properties":{"cat":"fermeture","sev":"medium","road":"A20","desc":"à 265 m au sud de Brive Terrasson · De Paris vers Toulouse"}},{"type":"Feature","geometry":{"type":"Point","coordinates":[3.20655,44.48782]},"properties":{"cat":"fermeture","sev":"medium","road":"A75","desc":"La mesure est obligatoire"}},{"type":"Feature","geometry":{"type":"Point","coordinates":[3.19819,44.47719]},"properties":{"cat":"fermeture","sev":"medium","road":"A75","desc":"La mesure est obligatoire"}},{"type":"Feature","geometry":{"type":"Point","coordinates":[3.19819,44.47719]},"properties":{"cat":"fermeture","sev":"medium","road":"A75","desc":"La mesure est obligatoire"}},{"type":"Feature","geometry":{"type":"Point","coordinates":[4.72879,46.3345]},"properties":{"cat":"fermeture","sev":"medium","road":"N79","desc":"De jour comme de nuit."}},{"type":"Feature","geometry":{"type":"Point","coordinates":[4.67893,46.36829]},"properties":{"cat":"fermeture","sev":"medium","road":"N79","desc":"De jour comme de nuit."}},{"type":"Feature","geometry":{"type":"Point","coordinates":[4.67893,46.36829]},"properties":{"cat":"fermeture","sev":"medium","road":"N79","desc":"à 519 m à l'ouest de 42186 · De Mâcon vers Montluçon (A71)"}},{"type":"Feature","geometry":{"type":"Point","coordinates":[6.65982,47.6219]},"properties":{"cat":"fermeture","sev":"medium","road":"N19","desc":"Neutralisation de la voie de gauche dans chaque sens de circulation.\nLa mesure est obligatoire"}},{"type":"Feature","geometry":{"type":"Point","coordinates":[-2.33292,48.36852]},"properties":{"cat":"fermeture","sev":"medium","road":"N12","desc":"à 400 m à l'ouest de Les Dîneux · De Paris vers Brest"}},{"type":"Feature","geometry":{"type":"Point","coordinates":[-2.29121,48.34997]},"properties":{"cat":"fermeture","sev":"medium","desc":"à 3 km à l'est de Bois-Orieux · De Paris vers Brest"}},{"type":"Feature","geometry":{"type":"Point","coordinates":[-2.32704,48.36631]},"properties":{"cat":"fermeture","sev":"medium","desc":"à l'est de Bois-Orieux · De Paris vers Brest"}},{"type":"Feature","geometry":{"type":"Point","coordinates":[1.05832,49.71305]},"properties":{"cat":"fermeture","sev":"medium","road":"N27","desc":"La mesure est obligatoire"}},{"type":"Feature","geometry":{"type":"Point","coordinates":[1.04339,49.66376]},"properties":{"cat":"fermeture","sev":"medium","road":"N27","desc":"La mesure est obligatoire"}},{"type":"Feature","geometry":{"type":"Point","coordinates":[4.98927,43.59288]},"properties":{"cat":"fermeture","sev":"medium","road":"N569","desc":"La mesure est obligatoire"}},{"type":"Feature","geometry":{"type":"Point","coordinates":[-3.37738,47.7715]},"properties":{"cat":"fermeture","sev":"medium","road":"N165","desc":"à 3 km à l'ouest de Hennebont ouest · De Nantes vers Brest"}},{"type":"Feature","geometry":{"type":"Point","coordinates":[-3.35912,47.77744]},"properties":{"cat":"fermeture","sev":"medium","desc":"Déviation : Les usagers venant de Nantes (RN 165) et souhaitant se diriger vers la bretelle de sortie de l’échangeur de « Kerdual » au PR 98"}},{"type":"Feature","geometry":{"type":"Point","coordinates":[-3.34654,47.78005]},"properties":{"cat":"fermeture","sev":"medium","desc":"Déviation : Les usagers venant de Caudan / Lanester et souhaitant emprunter la bretelle d’entrée de l’échangeur de « Lann-Sévelin » au PR 96"}},{"type":"Feature","geometry":{"type":"Point","coordinates":[-3.35912,47.77744]},"properties":{"cat":"fermeture","sev":"medium","desc":"Les usagers souhaitant se diriger vers la RD 465 en direction de « Lorient-Le Port » au PR 96+000, continuent sur la RN 165 en direction de "}},{"type":"Feature","geometry":{"type":"Point","coordinates":[-0.31051,45.19389]},"properties":{"cat":"fermeture","sev":"medium","road":"N10","desc":"La mesure est obligatoire"}},{"type":"Feature","geometry":{"type":"Point","coordinates":[4.1687,45.90785]},"properties":{"cat":"fermeture","sev":"medium","road":"N82","desc":"De jour comme de nuit."}},{"type":"Feature","geometry":{"type":"Point","coordinates":[4.16871,45.90816]},"properties":{"cat":"fermeture","sev":"medium","road":"N82","desc":"De jour comme de nuit."}},{"type":"Feature","geometry":{"type":"Point","coordinates":[4.16889,45.91061]},"properties":{"cat":"fermeture","sev":"medium","desc":"à 763 m au sud de Neulise Nord · De Balbigny vers Roanne sud (N7)"}},{"type":"Feature","geometry":{"type":"Point","coordinates":[4.16988,45.9157]},"properties":{"cat":"fermeture","sev":"medium","desc":"à 6 km au sud de L'Hôpital-sur-Rhins · De Balbigny vers Roanne sud (N7)"}},{"type":"Feature","geometry":{"type":"Point","coordinates":[4.16988,45.9157]},"properties":{"cat":"fermeture","sev":"medium","desc":"à 6 km au sud de L'Hôpital-sur-Rhins · De Balbigny vers Roanne sud (N7)"}},{"type":"Feature","geometry":{"type":"Point","coordinates":[3.50496,47.66304]},"properties":{"cat":"fermeture","sev":"high","road":"N151","desc":"à 18 km à l'est de Clamecy nord"}},{"type":"Feature","geometry":{"type":"Point","coordinates":[3.50496,47.66304]},"properties":{"cat":"fermeture","sev":"high","road":"N151","desc":"à 18 km à l'est de Clamecy nord"}},{"type":"Feature","geometry":{"type":"Point","coordinates":[-0.01364,45.54935]},"properties":{"cat":"fermeture","sev":"medium","road":"N10","desc":"La mesure est obligatoire"}},{"type":"Feature","geometry":{"type":"Point","coordinates":[-0.03334,45.54536]},"properties":{"cat":"fermeture","sev":"medium","desc":"à 3 km au sud de 17547 · De Bordeaux vers Paris"}},{"type":"Feature","geometry":{"type":"Point","coordinates":[0.00516,45.55842]},"properties":{"cat":"fermeture","sev":"medium","road":"N10","desc":"La mesure est obligatoire"}},{"type":"Feature","geometry":{"type":"Point","coordinates":[-0.08199,45.52254]},"properties":{"cat":"fermeture","sev":"medium","road":"N10","desc":"La mesure est obligatoire"}},{"type":"Feature","geometry":{"type":"Point","coordinates":[-2.46513,47.77595]},"properties":{"cat":"fermeture","sev":"medium","road":"N166","desc":"à 1 km au nord de Elven · De Vannes vers Ploërmel"}},{"type":"Feature","geometry":{"type":"Point","coordinates":[-2.46903,47.77422]},"properties":{"cat":"fermeture","sev":"medium","road":"N166","desc":"Transports Exceptionnels:\nDe part leurs dimensions et/ou poids, les convois exceptionnels sont interdits pendant cette période de travaux au"}},{"type":"Feature","geometry":{"type":"Point","coordinates":[-2.55292,47.75177]},"properties":{"cat":"fermeture","sev":"medium","desc":"Suivre déviations VL et PL mises en place"}},{"type":"Feature","geometry":{"type":"Point","coordinates":[-2.55292,47.75177]},"properties":{"cat":"fermeture","sev":"medium","desc":"Suivre déviation mise en place"}},{"type":"Feature","geometry":{"type":"Point","coordinates":[-2.51674,47.76231]},"properties":{"cat":"fermeture","sev":"medium","desc":"Suivre déviation mise en place"}},{"type":"Feature","geometry":{"type":"Point","coordinates":[4.63628,46.39406]},"properties":{"cat":"fermeture","sev":"medium","road":"N79","desc":"De jour comme de nuit, week-end y compris."}},{"type":"Feature","geometry":{"type":"Point","coordinates":[4.63043,46.3921]},"properties":{"cat":"fermeture","sev":"medium","desc":"à 204 m à l'ouest de Sainte-Cécile · De Montluçon (A71) vers Mâcon"}},{"type":"Feature","geometry":{"type":"Point","coordinates":[4.63043,46.3921]},"properties":{"cat":"fermeture","sev":"medium","desc":"à 204 m à l'ouest de Sainte-Cécile · De Montluçon (A71) vers Mâcon"}},{"type":"Feature","geometry":{"type":"Point","coordinates":[4.63043,46.3921]},"properties":{"cat":"fermeture","sev":"medium","desc":"à 204 m à l'ouest de Sainte-Cécile · De Montluçon (A71) vers Mâcon"}},{"type":"Feature","geometry":{"type":"Point","coordinates":[1.1465,49.48984]},"properties":{"cat":"fermeture","sev":"high","road":"N28","desc":"La mesure est obligatoire"}},{"type":"Feature","geometry":{"type":"Point","coordinates":[1.21844,49.53345]},"properties":{"cat":"fermeture","sev":"high","road":"A28","desc":"La mesure est obligatoire"}},{"type":"Feature","geometry":{"type":"Point","coordinates":[1.14716,49.49005]},"properties":{"cat":"fermeture","sev":"high","road":"A28","desc":"La mesure est obligatoire"}},{"type":"Feature","geometry":{"type":"Point","coordinates":[1.21619,49.5331]},"properties":{"cat":"fermeture","sev":"high","road":"A28","desc":"La mesure est obligatoire"}},{"type":"Feature","geometry":{"type":"Point","coordinates":[1.1519,49.49076]},"properties":{"cat":"fermeture","sev":"high","desc":"à 6 km au sud de Aire de Quincampoix · De Rouen vers Abbeville"}},{"type":"Feature","geometry":{"type":"Point","coordinates":[-2.85997,48.529]},"properties":{"cat":"fermeture","sev":"high","desc":"à 198 m à l'ouest de Aéroport Saint-Brieuc - Armor · De Brest vers Paris"}},{"type":"Feature","geometry":{"type":"Point","coordinates":[-2.78783,48.54592]},"properties":{"cat":"fermeture","sev":"high","road":"N12","desc":"à 498 m à l'ouest de Le Gouët · De Paris vers Brest"}},{"type":"Feature","geometry":{"type":"Point","coordinates":[1.56205,48.39559]},"properties":{"cat":"fermeture","sev":"medium","road":"N154","desc":"La mesure est obligatoire"}},{"type":"Feature","geometry":{"type":"Point","coordinates":[1.62216,42.94909]},"properties":{"cat":"fermeture","sev":"medium","road":"N20","desc":"à 303 m au sud de Saint-Jean-de-Verges"}},{"type":"Feature","geometry":{"type":"Point","coordinates":[1.62216,42.94909]},"properties":{"cat":"fermeture","sev":"medium","road":"N20","desc":"à 303 m au sud de Saint-Jean-de-Verges"}},{"type":"Feature","geometry":{"type":"Point","coordinates":[1.62229,42.95053]},"properties":{"cat":"fermeture","sev":"medium","road":"N20","desc":"Neutralisation de la voie de gauche."}},{"type":"Feature","geometry":{"type":"Point","coordinates":[-2.01182,48.53495]},"properties":{"cat":"fermeture","sev":"medium","road":"N176","desc":"à 5 km à l'ouest de Plerguer · De Avranches vers Saint-Brieuc"}},{"type":"Feature","geometry":{"type":"Point","coordinates":[-1.91992,48.54475]},"properties":{"cat":"fermeture","sev":"medium","road":"N176","desc":"à 3 km à l'est de Dinan nord · De Saint-Brieuc vers Avranches"}},{"type":"Feature","geometry":{"type":"Point","coordinates":[-1.9202,48.54053]},"properties":{"cat":"fermeture","sev":"medium","desc":"à 603 m à l'est de 47262 · De Saint-Brieuc vers Avranches"}},{"type":"Feature","geometry":{"type":"Point","coordinates":[-1.96296,48.54042]},"properties":{"cat":"fermeture","sev":"medium","desc":"à 82 m à l'ouest de La Ville-ès-Nonais · De Avranches vers Saint-Brieuc"}},{"type":"Feature","geometry":{"type":"Point","coordinates":[-2.041,48.5213]},"properties":{"cat":"fermeture","sev":"medium","desc":"à 3 km à l'est de Dinan nord · De Saint-Brieuc vers Avranches"}},{"type":"Feature","geometry":{"type":"Point","coordinates":[-2.01155,48.53457]},"properties":{"cat":"fermeture","sev":"medium","desc":"à 163 m à l'est de Plouër-sur-Rance - Langrolay-s · De Saint-Brieuc vers Avranches"}},{"type":"Feature","geometry":{"type":"Point","coordinates":[-1.96296,48.54042]},"properties":{"cat":"fermeture","sev":"medium","desc":"à 82 m à l'ouest de La Ville-ès-Nonais · De Avranches vers Saint-Brieuc"}},{"type":"Feature","geometry":{"type":"Point","coordinates":[-1.92449,48.54705]},"properties":{"cat":"fermeture","sev":"medium","desc":"à 3 km à l'est de La Ville-ès-Nonais · De Saint-Brieuc vers Avranches"}},{"type":"Feature","geometry":{"type":"Point","coordinates":[-1.9202,48.54053]},"properties":{"cat":"fermeture","sev":"medium","desc":"à 603 m à l'est de 47262 · De Saint-Brieuc vers Avranches"}},{"type":"Feature","geometry":{"type":"Point","coordinates":[-1.92244,48.54531]},"properties":{"cat":"fermeture","sev":"medium","desc":"à 5 km à l'ouest de Plerguer · De Avranches vers Saint-Brieuc"}},{"type":"Feature","geometry":{"type":"Point","coordinates":[-1.92244,48.54531]},"properties":{"cat":"fermeture","sev":"medium","desc":"à 78 m à l'est de 47262 · De Avranches vers Saint-Brieuc"}},{"type":"Feature","geometry":{"type":"Point","coordinates":[-1.92244,48.54531]},"properties":{"cat":"fermeture","sev":"medium","desc":"à 78 m à l'est de 47262 · De Avranches vers Saint-Brieuc"}},{"type":"Feature","geometry":{"type":"Point","coordinates":[-2.03933,48.50579]},"properties":{"cat":"fermeture","sev":"medium","road":"N176","desc":"à 316 m à l'ouest de Plouër-sur-Rance - Langrolay-s · De Avranches vers Saint-Brieuc"}},{"type":"Feature","geometry":{"type":"Point","coordinates":[-2.03856,48.51701]},"properties":{"cat":"fermeture","sev":"medium","road":"N176","desc":"à 1 km à l'est de Dinan nord · De Saint-Brieuc vers Avranches"}},{"type":"Feature","geometry":{"type":"Point","coordinates":[-2.03856,48.51701]},"properties":{"cat":"fermeture","sev":"medium","road":"N176","desc":"à 384 m à l'ouest de Pleslin-Trigavou La Rusais · De Saint-Brieuc vers Avranches"}},{"type":"Feature","geometry":{"type":"Point","coordinates":[5.29981,43.39338]},"properties":{"cat":"fermeture","sev":"high","road":"A55","desc":"La mesure est obligatoire"}},{"type":"Feature","geometry":{"type":"Point","coordinates":[5.27678,43.39269]},"properties":{"cat":"fermeture","sev":"medium","road":"A55","desc":"à 487 m à l'ouest de Les Pennes Mirabeau · De Marseille vers Martigues"}},{"type":"Feature","geometry":{"type":"Point","coordinates":[5.18574,43.37322]},"properties":{"cat":"fermeture","sev":"medium","road":"A55","desc":"La mesure est obligatoire"}},{"type":"Feature","geometry":{"type":"Point","coordinates":[-0.59678,43.15562]},"properties":{"cat":"fermeture","sev":"medium","road":"N134","desc":"La mesure est obligatoire"}},{"type":"Feature","geometry":{"type":"Point","coordinates":[2.45983,44.29001]},"properties":{"cat":"fermeture","sev":"highest","desc":"La mesure est obligatoire"}},{"type":"Feature","geometry":{"type":"Point","coordinates":[3.24224,44.6413]},"properties":{"cat":"fermeture","sev":"medium","road":"A75","desc":"La mesure est obligatoire"}},{"type":"Feature","geometry":{"type":"Point","coordinates":[6.31733,47.73581]},"properties":{"cat":"fermeture","sev":"high","road":"N57","desc":"Dans le sens Nancy => Vesoul, suivre les déviations locales. Déviation par la RD64 au giratoire de Luxeuil-Les-Bains puis prendre la N19 en "}},{"type":"Feature","geometry":{"type":"Point","coordinates":[6.31893,47.73786]},"properties":{"cat":"fermeture","sev":"high","road":"N57","desc":"Dans le sens Vesoul => Nancy, les véhicules circulent dans le sens opposé.\nLa mesure est obligatoire"}},{"type":"Feature","geometry":{"type":"Point","coordinates":[6.40792,45.06486]},"properties":{"cat":"fermeture","sev":"low","desc":"Suite à un problème technique, le tunnel du Galibier est fermé à la circulation. Le trafic des VL < 3.5 T se fait par le col du Galibier .\nL"}},{"type":"Feature","geometry":{"type":"Point","coordinates":[4.07818,46.05431]},"properties":{"cat":"fermeture","sev":"medium","road":"N7","desc":"à 2 km à l'ouest de Le Coteau"}},{"type":"Feature","geometry":{"type":"Point","coordinates":[3.61252,47.79261]},"properties":{"cat":"fermeture","sev":"medium","road":"N65","desc":"à 3 km à l'ouest de Auxerre"}},{"type":"Feature","geometry":{"type":"Point","coordinates":[4.63914,46.74307]},"properties":{"cat":"fermeture","sev":"medium","road":"N80","desc":"à 5 km à l'est de Col des Baudots · De Autun vers Chalon-sur-Saône"}},{"type":"Feature","geometry":{"type":"Point","coordinates":[1.55375,45.26932]},"properties":{"cat":"fermeture","sev":"medium","road":"A20","desc":"à 4 km au sud de Uzerche sud - Vigeois · De Paris vers Toulouse"}},{"type":"Feature","geometry":{"type":"Point","coordinates":[1.56941,45.3539]},"properties":{"cat":"fermeture","sev":"medium","road":"A20","desc":"à 3 km au nord de Donzenac nord - Sadroc · De Toulouse vers Paris"}},{"type":"Feature","geometry":{"type":"Point","coordinates":[1.56948,45.35211]},"properties":{"cat":"fermeture","sev":"medium","road":"A20","desc":"basculement de chaussée sens toulouse => paris sur le sens paris => toulouse"}},{"type":"Feature","geometry":{"type":"Point","coordinates":[1.57424,45.31729]},"properties":{"cat":"fermeture","sev":"medium","desc":"Sortie N°46 Fermée.\nDéviation par A20, sortie Ech 45 (Balladourds), demi-tour sur giratoire des Balladourds,\npuis retour A20 par entrée Ech "}},{"type":"Feature","geometry":{"type":"Point","coordinates":[1.57409,45.31947]},"properties":{"cat":"fermeture","sev":"medium","desc":"Entrée n°46 Fermée.\nDéviation par RD7, puis prendre RD920 direction Perpezac-le-Noir jusqu'à giratoire des\nBalladourds. puis retour A20 par "}},{"type":"Feature","geometry":{"type":"Point","coordinates":[1.55478,45.27044]},"properties":{"cat":"fermeture","sev":"medium","road":"A20","desc":"Bifurcation A20 / A89 Fermée direction Paris.\nDéviation par A20, suivre basculement, puis prendre sortie Ech 45 (Balladours), demi-tour sur\n"}},{"type":"Feature","geometry":{"type":"Point","coordinates":[1.55478,45.27044]},"properties":{"cat":"fermeture","sev":"medium","road":"A20","desc":"Bifurcation A89 / A20 Fermée direction Paris.\nDéviation par A20 direction Toulouse jusqu'à l'échangeur 47 (Escudier), prendre\nRD920 puis dem"}},{"type":"Feature","geometry":{"type":"Point","coordinates":[3.3894,43.4262]},"properties":{"cat":"fermeture","sev":"medium","road":"A75","desc":"La mesure est obligatoire"}},{"type":"Feature","geometry":{"type":"Point","coordinates":[3.42817,43.44999]},"properties":{"cat":"fermeture","sev":"medium","road":"A75","desc":"La mesure est obligatoire"}},{"type":"Feature","geometry":{"type":"Point","coordinates":[3.39449,43.43917]},"properties":{"cat":"fermeture","sev":"medium","road":"A75","desc":"La mesure est obligatoire"}},{"type":"Feature","geometry":{"type":"Point","coordinates":[-1.05102,48.94107]},"properties":{"cat":"fermeture","sev":"medium","road":"A84","desc":"La mesure est obligatoire"}},{"type":"Feature","geometry":{"type":"Point","coordinates":[2.70254,49.05759]},"properties":{"cat":"fermeture","sev":"medium","desc":"Travaux CD77"}},{"type":"Feature","geometry":{"type":"Point","coordinates":[2.25174,48.88741]},"properties":{"cat":"fermeture","sev":"medium","road":"N1014","desc":"De La Défense (A14) vers Courbevoie - Puteaux"}},{"type":"Feature","geometry":{"type":"Point","coordinates":[2.23476,48.8927]},"properties":{"cat":"fermeture","sev":"medium","road":"A14","desc":"à 3 km à l'est de Péage de Montesson · De Orgeval (A13) vers La Défense"}},{"type":"Feature","geometry":{"type":"Point","coordinates":[4.93301,43.46669]},"properties":{"cat":"fermeture","sev":"high","road":"N569","desc":"à 4 km à l'ouest de Istres sud · De Fos-sur-Mer (N568) vers Salon-de-Provence (N113)"}},{"type":"Feature","geometry":{"type":"Point","coordinates":[6.49383,47.6984]},"properties":{"cat":"fermeture","sev":"medium","road":"N19","desc":"Neutralisation de la voie de gauche dans les 2 sens de circulation.\nLa mesure est obligatoire"}},{"type":"Feature","geometry":{"type":"Point","coordinates":[-2.07878,47.44126]},"properties":{"cat":"fermeture","sev":"medium","road":"N165","desc":"à 5 km à l'est de Missillac - Le Chêne Vert · De Brest vers Nantes"}},{"type":"Feature","geometry":{"type":"Point","coordinates":[-2.07878,47.44126]},"properties":{"cat":"fermeture","sev":"medium","road":"N165","desc":"à 5 km à l'est de Missillac - Le Chêne Vert · De Brest vers Nantes"}},{"type":"Feature","geometry":{"type":"Point","coordinates":[-2.08037,47.4427]},"properties":{"cat":"fermeture","sev":"medium","road":"N165","desc":"à 2 km à l'ouest de Pontchâteau est · De Nantes vers Brest"}},{"type":"Feature","geometry":{"type":"Point","coordinates":[-2.07963,47.44196]},"properties":{"cat":"fermeture","sev":"medium","road":"N165","desc":"à 426 m à l'est de Aire de Beaulieu · De Brest vers Nantes"}},{"type":"Feature","geometry":{"type":"Point","coordinates":[-2.08735,47.44596]},"properties":{"cat":"fermeture","sev":"medium","desc":"à 203 m à l'est de Pontchâteau centre · De Nantes vers Brest"}},{"type":"Feature","geometry":{"type":"Point","coordinates":[-2.08733,47.44596]},"properties":{"cat":"fermeture","sev":"medium","desc":"à 203 m à l'est de Pontchâteau centre · De Nantes vers Brest"}},{"type":"Feature","geometry":{"type":"Point","coordinates":[-2.11395,47.44718]},"properties":{"cat":"fermeture","sev":"medium","desc":"à 528 m à l'est de Aire de Beaulieu · De Nantes vers Brest"}},{"type":"Feature","geometry":{"type":"Point","coordinates":[1.29198,45.90284]},"properties":{"cat":"fermeture","sev":"medium","road":"A20","desc":"à 796 m au nord de Beaubreuil · De Toulouse vers Paris"}},{"type":"Feature","geometry":{"type":"Point","coordinates":[1.29259,45.89219]},"properties":{"cat":"fermeture","sev":"medium","road":"A20","desc":"à 1 km au sud de Aire de Beaune-les-Mines · De Paris vers Toulouse"}},{"type":"Feature","geometry":{"type":"Point","coordinates":[3.22216,46.68518]},"properties":{"cat":"fermeture","sev":"medium","road":"N7","desc":"Neutralisation de la voie de droite."}},{"type":"Feature","geometry":{"type":"Point","coordinates":[-0.63138,44.78828]},"properties":{"cat":"fermeture","sev":"high","road":"A63","desc":"La mesure est obligatoire"}},{"type":"Feature","geometry":{"type":"Point","coordinates":[-0.63138,44.78828]},"properties":{"cat":"fermeture","sev":"high","road":"A63","desc":"La mesure est obligatoire"}},{"type":"Feature","geometry":{"type":"Point","coordinates":[1.39452,43.60498]},"properties":{"cat":"fermeture","sev":"high","desc":"à 355 m à l'ouest de Baylac · De Colomiers (N124) vers Toulouse"}},{"type":"Feature","geometry":{"type":"Point","coordinates":[1.40213,43.60459]},"properties":{"cat":"fermeture","sev":"high","road":"A620","desc":"La mesure est obligatoire"}},{"type":"Feature","geometry":{"type":"Point","coordinates":[3.12038,46.79841]},"properties":{"cat":"fermeture","sev":"medium","road":"N7","desc":"Neutralisation de la voie de droite, de jour comme de nuit, jusqu'au 07/10/2026 inclus."}},{"type":"Feature","geometry":{"type":"Point","coordinates":[6.06642,47.21694]},"properties":{"cat":"fermeture","sev":"high","road":"N57","desc":"La mesure est obligatoire"}},{"type":"Feature","geometry":{"type":"Point","coordinates":[5.88695,45.61015]},"properties":{"cat":"fermeture","sev":"medium","road":"N201","desc":"Travaux d'enrobés sur la VRU de Chambéry dans le sens Aix les Bains => Grenoble.\nLa voie lente est neutralisée entre la station Total des La"}},{"type":"Feature","geometry":{"type":"Point","coordinates":[5.89582,45.59317]},"properties":{"cat":"fermeture","sev":"medium","desc":"Travaux d'enrobés au niveau de la bretelle d'entrée n°14 \"La Motte Servolex\" dans le sens Aix les Bains => Grenoble.\nTous les accès desserva"}},{"type":"Feature","geometry":{"type":"Point","coordinates":[-0.46093,49.19721]},"properties":{"cat":"fermeture","sev":"medium","road":"N13","desc":"La mesure est obligatoire"}},{"type":"Feature","geometry":{"type":"Point","coordinates":[1.30514,45.77948]},"properties":{"cat":"fermeture","sev":"medium","desc":"à 221 m au sud de Boisseuil · De Toulouse vers Paris"}},{"type":"Feature","geometry":{"type":"Point","coordinates":[1.30514,45.77948]},"properties":{"cat":"fermeture","sev":"medium","desc":"à 221 m au sud de Boisseuil · De Toulouse vers Paris"}},{"type":"Feature","geometry":{"type":"Point","coordinates":[5.02871,45.01672]},"properties":{"cat":"fermeture","sev":"medium","road":"N532","desc":"La mesure est obligatoire"}},{"type":"Feature","geometry":{"type":"Point","coordinates":[-0.54557,49.22165]},"properties":{"cat":"fermeture","sev":"high","road":"N13","desc":"La mesure est obligatoire"}},{"type":"Feature","geometry":{"type":"Point","coordinates":[-0.43864,49.19297]},"properties":{"cat":"fermeture","sev":"high","road":"N13","desc":"La mesure est obligatoire"}},{"type":"Feature","geometry":{"type":"Point","coordinates":[-0.43665,49.19259]},"properties":{"cat":"fermeture","sev":"high","road":"N13","desc":"La mesure est obligatoire"}},{"type":"Feature","geometry":{"type":"Point","coordinates":[-0.52984,49.2162]},"properties":{"cat":"fermeture","sev":"medium","road":"N13","desc":"La mesure est obligatoire"}},{"type":"Feature","geometry":{"type":"Point","coordinates":[1.82373,42.53679]},"properties":{"cat":"fermeture","sev":"medium","road":"N523","desc":"ASF"}},{"type":"Feature","geometry":{"type":"Point","coordinates":[1.82373,42.53679]},"properties":{"cat":"fermeture","sev":"medium","road":"N523","desc":"ASF"}},{"type":"Feature","geometry":{"type":"Point","coordinates":[1.36838,48.74597]},"properties":{"cat":"fermeture","sev":"high","road":"N12","desc":"La mesure est obligatoire"}},{"type":"Feature","geometry":{"type":"Point","coordinates":[4.2837,45.53301]},"properties":{"cat":"fermeture","sev":"medium","road":"A72","desc":"La mesure est obligatoire"}},{"type":"Feature","geometry":{"type":"Point","coordinates":[4.31683,45.49495]},"properties":{"cat":"fermeture","sev":"medium","road":"A72","desc":"La mesure est obligatoire"}},{"type":"Feature","geometry":{"type":"Point","coordinates":[6.3627,48.60468]},"properties":{"cat":"fermeture","sev":"medium","desc":"La mesure est obligatoire"}},{"type":"Feature","geometry":{"type":"Point","coordinates":[6.3475,48.60373]},"properties":{"cat":"fermeture","sev":"medium","desc":"La mesure est obligatoire"}},{"type":"Feature","geometry":{"type":"Point","coordinates":[6.35853,48.6041]},"properties":{"cat":"fermeture","sev":"medium","desc":"La mesure est obligatoire"}},{"type":"Feature","geometry":{"type":"Point","coordinates":[2.61307,48.66512]},"properties":{"cat":"fermeture","sev":"high","road":"N104","desc":"La mesure est obligatoire"}},{"type":"Feature","geometry":{"type":"Point","coordinates":[1.15553,45.85486]},"properties":{"cat":"fermeture","sev":"high","road":"N520","desc":"entre 20h00 et 6h00"}},{"type":"Feature","geometry":{"type":"Point","coordinates":[1.22526,45.90152]},"properties":{"cat":"fermeture","sev":"high","desc":"Entrée N°59 Anglard Fermée"}},{"type":"Feature","geometry":{"type":"Point","coordinates":[1.22699,45.90049]},"properties":{"cat":"fermeture","sev":"high","desc":"Entrée N°59 Anglard Fermée"}},{"type":"Feature","geometry":{"type":"Point","coordinates":[1.16453,45.86462]},"properties":{"cat":"fermeture","sev":"high","desc":"Entrée N°61 Bellegarde Fermée"}},{"type":"Feature","geometry":{"type":"Point","coordinates":[1.16595,45.86447]},"properties":{"cat":"fermeture","sev":"high","desc":"Entrée N°61 Bellegarde Fermée"}},{"type":"Feature","geometry":{"type":"Point","coordinates":[1.15553,45.85486]},"properties":{"cat":"fermeture","sev":"high","road":"N520","desc":"à l'ouest de Rilhac-Rancon le Grossereix [D"}},{"type":"Feature","geometry":{"type":"Point","coordinates":[1.15553,45.85486]},"properties":{"cat":"fermeture","sev":"high","road":"N520","desc":"à l'ouest de Rilhac-Rancon le Grossereix [D"}},{"type":"Feature","geometry":{"type":"Point","coordinates":[1.15553,45.85486]},"properties":{"cat":"fermeture","sev":"high","road":"N520","desc":"à l'ouest de Rilhac-Rancon le Grossereix [D"}},{"type":"Feature","geometry":{"type":"Point","coordinates":[-3.34976,47.77889]},"properties":{"cat":"fermeture","sev":"medium","road":"N165","desc":"La mesure est obligatoire"}},{"type":"Feature","geometry":{"type":"Point","coordinates":[-2.00784,47.35756]},"properties":{"cat":"fermeture","sev":"medium","road":"N171","desc":"à 2 km à l'ouest de Savenay nord"}},{"type":"Feature","geometry":{"type":"Point","coordinates":[-0.62688,44.8802]},"properties":{"cat":"fermeture","sev":"high","road":"A630","desc":"Commence à proximité de l'échangeur 5 (ZI Bruges) et se termine à proximité de l'échangeur 7 (Eysines - Le Vigean) ; Déviation par la rocade"}},{"type":"Feature","geometry":{"type":"Point","coordinates":[2.59055,48.97326]},"properties":{"cat":"fermeture","sev":"high","road":"A104","desc":"La mesure est obligatoire"}},{"type":"Feature","geometry":{"type":"Point","coordinates":[2.24322,48.97487]},"properties":{"cat":"fermeture","sev":"high","road":"A15","desc":"La mesure est obligatoire"}},{"type":"Feature","geometry":{"type":"Point","coordinates":[5.57511,43.28354]},"properties":{"cat":"fermeture","sev":"high","road":"A502","desc":"La mesure est obligatoire"}},{"type":"Feature","geometry":{"type":"Point","coordinates":[2.576,48.97269]},"properties":{"cat":"fermeture","sev":"high","road":"A104","desc":"La mesure est obligatoire"}},{"type":"Feature","geometry":{"type":"Point","coordinates":[1.28082,43.38405]},"properties":{"cat":"fermeture","sev":"highest","desc":"à 57 m au nord de Mauzac · De Toulouse vers Bayonne"}},{"type":"Feature","geometry":{"type":"Point","coordinates":[1.25497,43.34266]},"properties":{"cat":"fermeture","sev":"highest","desc":"au nord de Capens · De Toulouse vers Bayonne"}},{"type":"Feature","geometry":{"type":"Point","coordinates":[1.28199,43.38351]},"properties":{"cat":"fermeture","sev":"highest","road":"A64","desc":"La mesure est obligatoire"}},{"type":"Feature","geometry":{"type":"Point","coordinates":[1.26734,43.35348]},"properties":{"cat":"fermeture","sev":"highest","desc":"à 2 km au nord de Capens · De Toulouse vers Bayonne"}},{"type":"Feature","geometry":{"type":"Point","coordinates":[2.19513,48.67103]},"properties":{"cat":"fermeture","sev":"high","road":"A10","desc":"La mesure est obligatoire"}},{"type":"Feature","geometry":{"type":"Point","coordinates":[6.10782,49.08172]},"properties":{"cat":"fermeture","sev":"medium","desc":"La mesure est obligatoire"}},{"type":"Feature","geometry":{"type":"Point","coordinates":[4.39661,45.41079]},"properties":{"cat":"fermeture","sev":"medium","desc":"au sud de Saint-Étienne - Bellevue"}},{"type":"Feature","geometry":{"type":"Point","coordinates":[2.57609,48.97273]},"properties":{"cat":"fermeture","sev":"high","road":"N2","desc":"La mesure est obligatoire"}},{"type":"Feature","geometry":{"type":"Point","coordinates":[5.42765,43.52862]},"properties":{"cat":"fermeture","sev":"medium","road":"A51","desc":"à 1 km au nord de Aix-en-Provence · De Grenoble vers Marseille"}},{"type":"Feature","geometry":{"type":"Point","coordinates":[5.42765,43.52862]},"properties":{"cat":"fermeture","sev":"medium","road":"A51","desc":"à 1 km au nord de Aix-en-Provence · De Grenoble vers Marseille"}},{"type":"Feature","geometry":{"type":"Point","coordinates":[5.4283,43.52987]},"properties":{"cat":"fermeture","sev":"medium","road":"N296","desc":"La mesure est obligatoire"}},{"type":"Feature","geometry":{"type":"Point","coordinates":[5.40804,43.50325]},"properties":{"cat":"fermeture","sev":"medium","road":"A51","desc":"La mesure est obligatoire"}},{"type":"Feature","geometry":{"type":"Point","coordinates":[6.93293,45.49742]},"properties":{"cat":"fermeture","sev":"low","desc":"Travaux tunnel du Chevril sous alternat de circulation\nLa mesure est obligatoire"}},{"type":"Feature","geometry":{"type":"Point","coordinates":[0.97687,45.56245]},"properties":{"cat":"fermeture","sev":"medium","road":"N21","desc":"à 9 km au sud de Châlus"}},{"type":"Feature","geometry":{"type":"Point","coordinates":[2.29767,48.93787]},"properties":{"cat":"fermeture","sev":"high","road":"A86","desc":"La mesure est obligatoire"}},{"type":"Feature","geometry":{"type":"Point","coordinates":[5.3508,43.39443]},"properties":{"cat":"fermeture","sev":"high","road":"A51","desc":"La mesure est obligatoire"}},{"type":"Feature","geometry":{"type":"Point","coordinates":[5.37535,43.30688]},"properties":{"cat":"fermeture","sev":"high","road":"A7","desc":"La mesure est obligatoire"}},{"type":"Feature","geometry":{"type":"Point","coordinates":[4.98018,43.41804]},"properties":{"cat":"fermeture","sev":"medium","road":"N568","desc":"La mesure est obligatoire"}},{"type":"Feature","geometry":{"type":"Point","coordinates":[5.05316,43.394]},"properties":{"cat":"fermeture","sev":"medium","road":"A55","desc":"La mesure est obligatoire"}},{"type":"Feature","geometry":{"type":"Point","coordinates":[4.9844,43.41558]},"properties":{"cat":"fermeture","sev":"medium","road":"N568","desc":"La mesure est obligatoire"}},{"type":"Feature","geometry":{"type":"Point","coordinates":[4.92613,45.80434]},"properties":{"cat":"fermeture","sev":"high","road":"A42","desc":"La mesure est obligatoire"}},{"type":"Feature","geometry":{"type":"Point","coordinates":[4.95893,45.78438]},"properties":{"cat":"fermeture","sev":"high","desc":"à 528 m au sud de La Rize - Vaulx en Velin · De Saint-Priest (A43) vers Vaulx-en-Velin (A42)"}},{"type":"Feature","geometry":{"type":"Point","coordinates":[4.98528,45.77072]},"properties":{"cat":"fermeture","sev":"high","desc":"à 2 km au sud de La Rize - Vaulx en Velin · De Saint-Priest (A43) vers Vaulx-en-Velin (A42)"}},{"type":"Feature","geometry":{"type":"Point","coordinates":[4.98533,45.75946]},"properties":{"cat":"fermeture","sev":"high","desc":"à 1 km au sud de Le Grand Large - Meyzieu · De Saint-Priest (A43) vers Vaulx-en-Velin (A42)"}},{"type":"Feature","geometry":{"type":"Point","coordinates":[4.98739,45.7491]},"properties":{"cat":"fermeture","sev":"high","desc":"à 55 m au sud de Brigneux - Pusignan · De Saint-Priest (A43) vers Vaulx-en-Velin (A42)"}},{"type":"Feature","geometry":{"type":"Point","coordinates":[4.96681,45.7051]},"properties":{"cat":"fermeture","sev":"high","desc":"à 1 km au sud de Mi-Plaine · De Saint-Priest (A43) vers Vaulx-en-Velin (A42)"}},{"type":"Feature","geometry":{"type":"Point","coordinates":[4.97915,45.73117]},"properties":{"cat":"fermeture","sev":"high","desc":"à 2 km au sud de Brigneux - Pusignan · De Saint-Priest (A43) vers Vaulx-en-Velin (A42)"}},{"type":"Feature","geometry":{"type":"Point","coordinates":[4.97656,45.72373]},"properties":{"cat":"fermeture","sev":"high","desc":"à 589 m au sud de Porte du Dauphiné · De Saint-Priest (A43) vers Vaulx-en-Velin (A42)"}},{"type":"Feature","geometry":{"type":"Point","coordinates":[4.97665,45.72813]},"properties":{"cat":"fermeture","sev":"high","road":"N346","desc":"La mesure est obligatoire"}},{"type":"Feature","geometry":{"type":"Point","coordinates":[4.92613,45.80434]},"properties":{"cat":"fermeture","sev":"high","road":"A42","desc":"La mesure est obligatoire"}},{"type":"Feature","geometry":{"type":"Point","coordinates":[4.96981,45.71327]},"properties":{"cat":"fermeture","sev":"high","desc":"à 1 km au sud de Montgolfier · De Saint-Priest (A43) vers Vaulx-en-Velin (A42)"}},{"type":"Feature","geometry":{"type":"Point","coordinates":[4.96628,45.70318]},"properties":{"cat":"fermeture","sev":"high","road":"N346","desc":"La mesure est obligatoire"}},{"type":"Feature","geometry":{"type":"Point","coordinates":[2.4365,49.0473]},"properties":{"cat":"fermeture","sev":"high","road":"N104","desc":"La mesure est obligatoire"}},{"type":"Feature","geometry":{"type":"Point","coordinates":[5.29981,43.39338]},"properties":{"cat":"fermeture","sev":"high","road":"A55","desc":"La mesure est obligatoire"}},{"type":"Feature","geometry":{"type":"Point","coordinates":[1.96712,48.76324]},"properties":{"cat":"fermeture","sev":"high","road":"N10","desc":"La mesure est obligatoire"}},{"type":"Feature","geometry":{"type":"Point","coordinates":[2.00784,48.77931]},"properties":{"cat":"fermeture","sev":"high","road":"N10","desc":"La mesure est obligatoire"}},{"type":"Feature","geometry":{"type":"Point","coordinates":[2.28277,48.71291]},"properties":{"cat":"fermeture","sev":"high","road":"A126","desc":"La mesure est obligatoire"}},{"type":"Feature","geometry":{"type":"Point","coordinates":[6.17743,49.25962]},"properties":{"cat":"fermeture","sev":"medium","desc":"La mesure est obligatoire"}},{"type":"Feature","geometry":{"type":"Point","coordinates":[-1.50957,48.10706]},"properties":{"cat":"fermeture","sev":"medium","road":"N157","desc":"La mesure est obligatoire"}},{"type":"Feature","geometry":{"type":"Point","coordinates":[-1.61411,48.14821]},"properties":{"cat":"fermeture","sev":"medium","road":"N136","desc":"La mesure est obligatoire"}},{"type":"Feature","geometry":{"type":"Point","coordinates":[-1.57232,48.12011]},"properties":{"cat":"fermeture","sev":"medium","road":"N136","desc":"La mesure est obligatoire"}},{"type":"Feature","geometry":{"type":"Point","coordinates":[-1.61023,48.10132]},"properties":{"cat":"fermeture","sev":"medium","road":"N136","desc":"La mesure est obligatoire"}},{"type":"Feature","geometry":{"type":"Point","coordinates":[-2.28267,47.52385]},"properties":{"cat":"fermeture","sev":"medium","road":"N165","desc":"La mesure est obligatoire"}},{"type":"Feature","geometry":{"type":"Point","coordinates":[6.17744,49.2607]},"properties":{"cat":"bouchon","sev":"medium","road":"A31","desc":"à 2 km au nord de Maizières · De Lyon vers Luxembourg"}},{"type":"Feature","geometry":{"type":"Point","coordinates":[0.69842,42.90849]},"properties":{"cat":"travaux","sev":"medium","road":"N125","desc":"Travaux de maintenance\nArrêté A-002-2026 RN125"}},{"type":"Feature","geometry":{"type":"Point","coordinates":[0.69842,42.90849]},"properties":{"cat":"travaux","sev":"medium","road":"N125","desc":"Travaux de maintenance\nArrêté A-002-2026 RN125"}},{"type":"Feature","geometry":{"type":"Point","coordinates":[1.62211,42.94675]},"properties":{"cat":"travaux","sev":"medium","road":"N20","desc":"Travaux de maintenance\nArrêté A-003-2026 RN20"}},{"type":"Feature","geometry":{"type":"Point","coordinates":[1.62211,42.94675]},"properties":{"cat":"travaux","sev":"medium","road":"N20","desc":"Travaux de maintenance\nArrêté A-003-2026 RN20"}},{"type":"Feature","geometry":{"type":"Point","coordinates":[1.62211,42.94675]},"properties":{"cat":"travaux","sev":"medium","road":"N20","desc":"Travaux de maintenance\nArrêté A-003-2026 RN20"}},{"type":"Feature","geometry":{"type":"Point","coordinates":[4.7095,43.95063]},"properties":{"cat":"travaux","sev":"medium","road":"N100","desc":"Raccordement fibre optique"}},{"type":"Feature","geometry":{"type":"Point","coordinates":[1.83569,42.67226]},"properties":{"cat":"travaux","sev":"medium","road":"N20","desc":"à 6 km au sud de Ax-les-Thermes"}},{"type":"Feature","geometry":{"type":"Point","coordinates":[1.1397,49.48592]},"properties":{"cat":"travaux","sev":"high","road":"N28","desc":"Travaux de réalisation ouvrage d'art franchissement de la N28"}},{"type":"Feature","geometry":{"type":"Point","coordinates":[1.13766,49.48141]},"properties":{"cat":"travaux","sev":"high","road":"N28","desc":"à 1 km au nord de Saint-Martin-du-Vivier Bihorel · De Rouen vers Isneauville"}},{"type":"Feature","geometry":{"type":"Point","coordinates":[1.14172,49.48831]},"properties":{"cat":"travaux","sev":"high","road":"N28","desc":"à 431 m au nord de Rouges Terres · De Rouen vers Isneauville"}},{"type":"Feature","geometry":{"type":"Point","coordinates":[1.14435,49.48954]},"properties":{"cat":"travaux","sev":"high","road":"N28","desc":"au sud de Échangeur-de-la-Ronce · De Isneauville vers Rouen"}},{"type":"Feature","geometry":{"type":"Point","coordinates":[1.13757,49.48181]},"properties":{"cat":"travaux","sev":"high","road":"N28","desc":"à 185 m au sud de Échangeur-de-la-Ronce · De Isneauville vers Rouen"}},{"type":"Feature","geometry":{"type":"Point","coordinates":[1.13724,49.47716]},"properties":{"cat":"travaux","sev":"high","road":"N28","desc":"à 2 km au sud de Échangeur-de-la-Ronce · De Isneauville vers Rouen"}},{"type":"Feature","geometry":{"type":"Point","coordinates":[3.98683,44.23804]},"properties":{"cat":"travaux","sev":"medium","road":"N106","desc":"- sécurisation du barrage des Camboux - Entrées et sorties de poids lourds de chantier sur la RN106 au droit du carrefour RN106 avec la Base"}},{"type":"Feature","geometry":{"type":"Point","coordinates":[3.80201,44.28193]},"properties":{"cat":"travaux","sev":"medium","road":"N106","desc":"Réfection d’un ouvrage hydraulique"}},{"type":"Feature","geometry":{"type":"Point","coordinates":[1.79337,42.57585]},"properties":{"cat":"travaux","sev":"high","road":"N320","desc":"A-032-2026 RN 320, 22, 20 pour 09 et 66 POUR LA RÉALISATION DES TRAVAUX DE CONSTRUCTION DU PARAVALANCHE H2 SUR LA COMMUNE DE L’HOSPITALET PR"}},{"type":"Feature","geometry":{"type":"Point","coordinates":[3.362,43.68518]},"properties":{"cat":"travaux","sev":"medium","road":"A75","desc":"à 1 km au nord de Saint-Félix-de-Lodez ouest · De Béziers vers Clermont-Ferrand"}},{"type":"Feature","geometry":{"type":"Point","coordinates":[6.75995,43.97102]},"properties":{"cat":"travaux","sev":"medium","road":"N202","desc":"Alternat manuel\nsécurisation OPCB"}},{"type":"Feature","geometry":{"type":"Point","coordinates":[-1.73979,48.10491]},"properties":{"cat":"travaux","sev":"medium","road":"N24","desc":"Travaux aménagement voie de trambus\nTravaux RM"}},{"type":"Feature","geometry":{"type":"Point","coordinates":[6.0625,44.69167]},"properties":{"cat":"travaux","sev":"medium","road":"N85","desc":"Alternat par feu ou manuel, enrochement DRAC"}},{"type":"Feature","geometry":{"type":"Point","coordinates":[6.56359,44.63326]},"properties":{"cat":"travaux","sev":"medium","road":"N94","desc":"Alternat par feux ou manuel\nProtection contre les chutes de bloc"}},{"type":"Feature","geometry":{"type":"Point","coordinates":[1.62345,42.81849]},"properties":{"cat":"travaux","sev":"medium","road":"N20","desc":"Mise en circulation provisoire du tronçon de la RN20\nà Ussat les Bains et Ornolac-Ussat les Bains\nA-098-RN20-2026"}},{"type":"Feature","geometry":{"type":"Point","coordinates":[1.62345,42.81849]},"properties":{"cat":"travaux","sev":"medium","road":"N20","desc":"à 2 km au sud de Tarascon-sur-Ariège sud"}},{"type":"Feature","geometry":{"type":"Point","coordinates":[1.35486,43.6093]},"properties":{"cat":"travaux","sev":"high","desc":"à l'est de Colomiers Est · De Toulouse vers Langon"}},{"type":"Feature","geometry":{"type":"Point","coordinates":[6.07421,44.57667]},"properties":{"cat":"travaux","sev":"medium","road":"N85","desc":"Alternat par feux ou manuel\nÉtanchéité sur pont"}},{"type":"Feature","geometry":{"type":"Point","coordinates":[4.21219,43.72311]},"properties":{"cat":"travaux","sev":"medium","road":"N113","desc":"à 2 km à l'ouest de Codognan"}},{"type":"Feature","geometry":{"type":"Point","coordinates":[1.89137,43.85584]},"properties":{"cat":"travaux","sev":"highest","road":"A68","desc":"à 4 km à l'est de Lisle-sur-Tarn · De Toulouse vers Albi"}},{"type":"Feature","geometry":{"type":"Point","coordinates":[3.74979,45.09457]},"properties":{"cat":"travaux","sev":"medium","road":"N102","desc":"RN 102 coupée a la circulation pour travaux du 24/08 jusqu'au 06/11. Suivre déviation mise en place"}},{"type":"Feature","geometry":{"type":"Point","coordinates":[1.77526,42.56097]},"properties":{"cat":"travaux","sev":"medium","road":"N22","desc":"Réalisation de travaux de confortement de la paroi schisteuse.\nARRÊTÉ PRÉFECTORAL N° A-111-2026 RN22 (66)"}},{"type":"Feature","geometry":{"type":"Point","coordinates":[1.77526,42.56097]},"properties":{"cat":"travaux","sev":"medium","road":"N22","desc":"à 527 m à l'ouest de Le Poste de Douane"}},{"type":"Feature","geometry":{"type":"Point","coordinates":[6.16501,44.05975]},"properties":{"cat":"travaux","sev":"medium","road":"N85","desc":"Alternat manuel\nAménagement RN85"}},{"type":"Feature","geometry":{"type":"Point","coordinates":[6.55856,43.91478]},"properties":{"cat":"travaux","sev":"high","road":"N202","desc":"Alternat par feux ou manuel en dehors des horaires de coupure (8H30-12H00 et 14H00-17H00 du lundi au vendredi)\nSécurisation contre la chute "}},{"type":"Feature","geometry":{"type":"Point","coordinates":[3.8564,44.27106]},"properties":{"cat":"travaux","sev":"medium","road":"N106","desc":"Travaux de protection contre les chutes de blocs"}},{"type":"Feature","geometry":{"type":"Point","coordinates":[-2.25202,48.19967]},"properties":{"cat":"travaux","sev":"medium","road":"N164","desc":"à 11 km à l'est de Merdrignac Z.A."}},{"type":"Feature","geometry":{"type":"Point","coordinates":[-2.64932,47.68262]},"properties":{"cat":"travaux","sev":"medium","road":"N166","desc":"Arrêté N°144\nTransport exceptionnel\nDe part leurs dimensions et/ou poids, les transports exceptionnels seront interdits pendant cette\npériod"}},{"type":"Feature","geometry":{"type":"Point","coordinates":[3.99313,43.65438]},"properties":{"cat":"travaux","sev":"medium","road":"N113","desc":"Elagage des palmiers à Baillargues"}},{"type":"Feature","geometry":{"type":"Point","coordinates":[4.15688,44.01448]},"properties":{"cat":"travaux","sev":"medium","road":"N106","desc":"Travaux de signalisation horizontale"}},{"type":"Feature","geometry":{"type":"Point","coordinates":[4.09975,44.10627]},"properties":{"cat":"travaux","sev":"medium","road":"N106","desc":"Travaux de signalisation horizontale"}},{"type":"Feature","geometry":{"type":"Point","coordinates":[6.79561,48.41736]},"properties":{"cat":"travaux","sev":"medium","road":"N59","desc":"à 1 km à l'est de Baccarat · De Lunéville vers Sélestat"}},{"type":"Feature","geometry":{"type":"Point","coordinates":[1.73792,42.54944]},"properties":{"cat":"travaux","sev":"medium","road":"N22","desc":"A-120-2026 RN22(66)"}},{"type":"Feature","geometry":{"type":"Point","coordinates":[1.73792,42.54944]},"properties":{"cat":"travaux","sev":"medium","road":"N22","desc":"à 3 km à l'ouest de Le Poste de Douane"}},{"type":"Feature","geometry":{"type":"Point","coordinates":[6.53191,43.93048]},"properties":{"cat":"travaux","sev":"medium","road":"N202","desc":"Alternat manuel\nSécurisation des ouvrages de protection contre les chutes de blocs"}},{"type":"Feature","geometry":{"type":"Point","coordinates":[6.69293,44.92762]},"properties":{"cat":"travaux","sev":"medium","road":"N94","desc":"Alternat par feux ou manuel, sondages"}},{"type":"Feature","geometry":{"type":"Point","coordinates":[-1.73573,48.1051]},"properties":{"cat":"travaux","sev":"medium","road":"N24","desc":"à 399 m à l'ouest de Rennes Porte de Lorient · De Rennes vers Lorient"}},{"type":"Feature","geometry":{"type":"Point","coordinates":[6.16996,44.0638]},"properties":{"cat":"travaux","sev":"medium","road":"N85","desc":"Alternat manuel, confortement des berges"}},{"type":"Feature","geometry":{"type":"Point","coordinates":[4.59447,45.52177]},"properties":{"cat":"travaux","sev":"medium","road":"A47","desc":"à 185 m à l'est de Lorette - Rive-de-Gier · De Saint-Étienne vers Lyon"}},{"type":"Feature","geometry":{"type":"Point","coordinates":[2.2749,48.95745]},"properties":{"cat":"travaux","sev":"high","desc":"à 2 km à l'ouest de Gennevilliers · De Gennevilliers (N315) vers Cergy-Pontoise (N14)"}},{"type":"Feature","geometry":{"type":"Point","coordinates":[5.94641,46.6649]},"properties":{"cat":"travaux","sev":"medium","road":"N5","desc":"Travaux de sécurisation de murs de soutènement de la RN5 dans le secteur « des gorges de La Lemme ».\nRestrictions de vitesse localisées."}},{"type":"Feature","geometry":{"type":"Point","coordinates":[-1.78882,47.33208]},"properties":{"cat":"travaux","sev":"medium","road":"N165","desc":"à 399 m à l'ouest de Z.I. La Croix-Rouge · De Nantes vers Brest"}},{"type":"Feature","geometry":{"type":"Point","coordinates":[-1.7608,48.55305]},"properties":{"cat":"travaux","sev":"medium","road":"N176","desc":"à 7 km à l'est de Plerguer"}},{"type":"Feature","geometry":{"type":"Point","coordinates":[-3.69268,48.23343]},"properties":{"cat":"travaux","sev":"medium","road":"N164","desc":"Arrêté BF037"}},{"type":"Feature","geometry":{"type":"Point","coordinates":[-3.75739,48.21641]},"properties":{"cat":"travaux","sev":"medium","road":"N164","desc":"à 3 km à l'ouest de Botaval"}},{"type":"Feature","geometry":{"type":"Point","coordinates":[-2.65005,47.68187]},"properties":{"cat":"travaux","sev":"medium","road":"N166","desc":"Arrêté VV143"}},{"type":"Feature","geometry":{"type":"Point","coordinates":[4.30097,43.78308]},"properties":{"cat":"travaux","sev":"medium","road":"N113","desc":"Travaux de de pose de Panneaux Radar"}},{"type":"Feature","geometry":{"type":"Point","coordinates":[3.8916,44.24942]},"properties":{"cat":"travaux","sev":"medium","road":"N106","desc":"Protection contre les chutes de blocs"}},{"type":"Feature","geometry":{"type":"Point","coordinates":[3.92955,44.24681]},"properties":{"cat":"travaux","sev":"medium","road":"N106","desc":"Travaux de réparation ouvrage hydraulique"}},{"type":"Feature","geometry":{"type":"Point","coordinates":[3.99313,43.65438]},"properties":{"cat":"travaux","sev":"medium","road":"N113","desc":"Travaux d’élagage des palmiers"}},{"type":"Feature","geometry":{"type":"Point","coordinates":[-3.27931,47.78812]},"properties":{"cat":"travaux","sev":"medium","desc":"Arrêté VO166"}},{"type":"Feature","geometry":{"type":"Point","coordinates":[-3.27931,47.78812]},"properties":{"cat":"travaux","sev":"medium","desc":"Arrêté No VO165"}},{"type":"Feature","geometry":{"type":"Point","coordinates":[1.82604,42.54486]},"properties":{"cat":"travaux","sev":"medium","road":"N320","desc":"A-126-2026 RN 320 (66) Fondations de pylônes THT par hélicoptère"}},{"type":"Feature","geometry":{"type":"Point","coordinates":[3.25714,44.54173]},"properties":{"cat":"travaux","sev":"medium","road":"A75","desc":"à 5 km au sud de Le Buisson · De Clermont-Ferrand vers Béziers"}},{"type":"Feature","geometry":{"type":"Point","coordinates":[6.84358,47.59497]},"properties":{"cat":"travaux","sev":"medium","road":"N19","desc":"La mesure est obligatoire"}},{"type":"Feature","geometry":{"type":"Point","coordinates":[6.84358,47.59497]},"properties":{"cat":"travaux","sev":"medium","road":"N19","desc":"Restrictions de vitesse localisées."}},{"type":"Feature","geometry":{"type":"Point","coordinates":[2.72703,45.07669]},"properties":{"cat":"travaux","sev":"high","road":"N122","desc":"Travaux RN122 du PR 85+800 au PR86 sous alternat avec fermeture du tunnel dans le sens Murat=>Aurillac jusqu'au 04/09/2026"}},{"type":"Feature","geometry":{"type":"Point","coordinates":[6.01637,44.08307]},"properties":{"cat":"travaux","sev":"medium","road":"N85","desc":"Alternat par feu ou manuel, enrobé"}},{"type":"Feature","geometry":{"type":"Point","coordinates":[6.72824,43.95977]},"properties":{"cat":"travaux","sev":"medium","road":"N202","desc":"Alternat par feux, curage"}},{"type":"Feature","geometry":{"type":"Point","coordinates":[6.07421,44.57667]},"properties":{"cat":"travaux","sev":"medium","road":"N85","desc":"Alternat par feux ou manuel, enrobé, longueur de l'alternat 500 mètres max"}},{"type":"Feature","geometry":{"type":"Point","coordinates":[6.06621,47.21654]},"properties":{"cat":"travaux","sev":"high","road":"N57","desc":"au sud de Besançon (Echangeur des Boulev · De Metz vers Suisse - Lausanne"}},{"type":"Feature","geometry":{"type":"Point","coordinates":[5.99917,47.21085]},"properties":{"cat":"travaux","sev":"high","road":"N57","desc":"Restrictions de vitesse localisées."}},{"type":"Feature","geometry":{"type":"Point","coordinates":[1.80765,42.72779]},"properties":{"cat":"travaux","sev":"medium","road":"N20","desc":"à 549 m au sud de Les Cabannes"}},{"type":"Feature","geometry":{"type":"Point","coordinates":[1.80765,42.72779]},"properties":{"cat":"travaux","sev":"medium","road":"N20","desc":"à 549 m au sud de Les Cabannes"}},{"type":"Feature","geometry":{"type":"Point","coordinates":[-3.16444,48.5494]},"properties":{"cat":"travaux","sev":"medium","road":"N12","desc":"Convois exceptionnels : Interdit aux convois d'une largeur supérieure à 3.5 M dans le sens Rennes vers Brest entre les échangeurs La Chesnay"}},{"type":"Feature","geometry":{"type":"Point","coordinates":[-3.21725,48.5657]},"properties":{"cat":"travaux","sev":"medium","road":"N12","desc":"à 3 km à l'est de Keranrouan - Hent-Guer · De Brest vers Paris"}},{"type":"Feature","geometry":{"type":"Point","coordinates":[-3.21322,48.5653]},"properties":{"cat":"travaux","sev":"medium","road":"N12","desc":"à 3 km à l'est de Keranrouan - Hent-Guer · De Brest vers Paris"}},{"type":"Feature","geometry":{"type":"Point","coordinates":[-3.16568,48.54975]},"properties":{"cat":"travaux","sev":"medium","road":"N12","desc":"à 4 km à l'est de Keranrouan - Hent-Guer · De Brest vers Paris"}},{"type":"Feature","geometry":{"type":"Point","coordinates":[-3.16314,48.54912]},"properties":{"cat":"travaux","sev":"medium","road":"N12","desc":"à 332 m à l'est de Tolmine - Locménard · De Brest vers Paris"}},{"type":"Feature","geometry":{"type":"Point","coordinates":[-3.16505,48.54968]},"properties":{"cat":"travaux","sev":"medium","road":"N12","desc":"à 658 m à l'ouest de La Chesnaye · De Paris vers Brest"}},{"type":"Feature","geometry":{"type":"Point","coordinates":[-3.21857,48.56598]},"properties":{"cat":"travaux","sev":"medium","road":"N12","desc":"à 474 m à l'ouest de Z.I. de Grâces · De Paris vers Brest"}},{"type":"Feature","geometry":{"type":"Point","coordinates":[2.57123,46.37215]},"properties":{"cat":"travaux","sev":"high","road":"N145","desc":"à 26 km à l'est de Gouzon"}},{"type":"Feature","geometry":{"type":"Point","coordinates":[-1.61882,47.20041]},"properties":{"cat":"travaux","sev":"medium","road":"N844","desc":"à 592 m au sud de Nantes Porte d'Armor · De Nantes Porte d'Anjou vers Nantes Porte d'Orvault"}},{"type":"Feature","geometry":{"type":"Point","coordinates":[-1.61882,47.20041]},"properties":{"cat":"travaux","sev":"high","road":"N844","desc":"à 592 m au sud de Nantes Porte d'Armor · De Nantes Porte d'Anjou vers Nantes Porte d'Orvault"}},{"type":"Feature","geometry":{"type":"Point","coordinates":[4.70733,44.07539]},"properties":{"cat":"travaux","sev":"medium","road":"N580","desc":"à 2 km au sud de L'Ardoise centre"}},{"type":"Feature","geometry":{"type":"Point","coordinates":[1.63817,42.91877]},"properties":{"cat":"travaux","sev":"medium","road":"N20","desc":"A-125-2026 RN20 TRAVAUX DU RENOUVELLEMENT DE LA COUCHE DE ROULEMENT\n3ème phase du 12 au 21 octobre 2026:sens Toulouse/ Andorre\n- 12 octobre "}},{"type":"Feature","geometry":{"type":"Point","coordinates":[3.73658,44.65369]},"properties":{"cat":"travaux","sev":"medium","road":"N88","desc":"à 6 km à l'est de L'Habitarelle"}},{"type":"Feature","geometry":{"type":"Point","coordinates":[4.65352,44.25014]},"properties":{"cat":"travaux","sev":"medium","road":"N86"}},{"type":"Feature","geometry":{"type":"Point","coordinates":[4.1013,43.68016]},"properties":{"cat":"travaux","sev":"medium","road":"N113","desc":"à 3 km à l'ouest de Lunel centre"}},{"type":"Feature","geometry":{"type":"Point","coordinates":[3.97852,44.2488]},"properties":{"cat":"travaux","sev":"medium","road":"N106","desc":"à 2 km à l'ouest de Les Salles-du-Gardon"}},{"type":"Feature","geometry":{"type":"Point","coordinates":[4.18459,43.99876]},"properties":{"cat":"travaux","sev":"medium","road":"N106","desc":"à 1 km au nord de La Réglisserie"}},{"type":"Feature","geometry":{"type":"Point","coordinates":[4.70733,44.07539]},"properties":{"cat":"travaux","sev":"medium","road":"N580","desc":"à 2 km au sud de L'Ardoise centre"}},{"type":"Feature","geometry":{"type":"Point","coordinates":[-2.64896,48.48069]},"properties":{"cat":"travaux","sev":"medium","desc":"Arrêté SL199"}},{"type":"Feature","geometry":{"type":"Point","coordinates":[1.73755,42.5478]},"properties":{"cat":"travaux","sev":"medium","road":"N22","desc":"A-135-2026 RN22 (66)\nPose d’une boucle de comptage."}},{"type":"Feature","geometry":{"type":"Point","coordinates":[1.73755,42.5478]},"properties":{"cat":"travaux","sev":"medium","road":"N22","desc":"à 5 km à l'ouest de Le Poste de Douane"}},{"type":"Feature","geometry":{"type":"Point","coordinates":[6.03618,44.71019]},"properties":{"cat":"travaux","sev":"medium","road":"N85","desc":"Alternat par feux ou manuel, enrobé"}},{"type":"Feature","geometry":{"type":"Point","coordinates":[6.126,44.04143]},"properties":{"cat":"travaux","sev":"medium","road":"N85","desc":"Alternat manuel, aménagement RN 85"}},{"type":"Feature","geometry":{"type":"Point","coordinates":[6.3725,44.53082]},"properties":{"cat":"travaux","sev":"medium","road":"N94","desc":"Alternat par feux, création escallier"}},{"type":"Feature","geometry":{"type":"Point","coordinates":[-1.51769,47.17117]},"properties":{"cat":"travaux","sev":"high","road":"N844","desc":"Travaux Périphérique intérieur Phase 2"}},{"type":"Feature","geometry":{"type":"Point","coordinates":[-1.51769,47.17117]},"properties":{"cat":"travaux","sev":"high","road":"N844","desc":"à 2 km à l'ouest de Porte de Saint-Sébastien · De Nantes Porte d'Orvault vers Nantes Porte d'Anjou"}},{"type":"Feature","geometry":{"type":"Point","coordinates":[-1.51425,47.15235]},"properties":{"cat":"travaux","sev":"medium","road":"A83","desc":"à 820 m au nord de La Cour-Neuve · De Niort vers Nantes"}},{"type":"Feature","geometry":{"type":"Point","coordinates":[-1.50967,47.13502]},"properties":{"cat":"travaux","sev":"medium","road":"A83","desc":"au sud de Les Sorinières · De Niort vers Nantes"}},{"type":"Feature","geometry":{"type":"Point","coordinates":[-1.51425,47.15235]},"properties":{"cat":"travaux","sev":"medium","road":"A83","desc":"à 175 m au nord de Les Sorinières · De Niort vers Nantes"}},{"type":"Feature","geometry":{"type":"Point","coordinates":[-3.88444,47.92057]},"properties":{"cat":"travaux","sev":"medium","road":"N165","desc":"Arrêté n°BM069\nMise en place d'une protection type sangle entre les phases inférieurs de la ligne surplombant au PR 32+900."}},{"type":"Feature","geometry":{"type":"Point","coordinates":[5.72332,48.68445]},"properties":{"cat":"travaux","sev":"medium","road":"N4","desc":"-> 07/10 matin"}},{"type":"Feature","geometry":{"type":"Point","coordinates":[5.69122,48.69006]},"properties":{"cat":"travaux","sev":"medium","road":"N4","desc":"à 10 km à l'ouest de Toul · De Allemagne - Freiburg-im-Breisgau vers Paris"}},{"type":"Feature","geometry":{"type":"Point","coordinates":[-0.1027,46.65337]},"properties":{"cat":"travaux","sev":"high","road":"N149","desc":"à 5 km à l'est de Parthenay · De Nantes vers Poitiers"}},{"type":"Feature","geometry":{"type":"Point","coordinates":[6.48751,48.16273]},"properties":{"cat":"travaux","sev":"medium","road":"N57","desc":"Jusqu'au 15/10/2026."}},{"type":"Feature","geometry":{"type":"Point","coordinates":[3.06697,44.03167]},"properties":{"cat":"travaux","sev":"medium","road":"A75","desc":"à 7 km au nord de L'Hospitalet-du-Larzac - La Co · De Béziers vers Clermont-Ferrand"}},{"type":"Feature","geometry":{"type":"Point","coordinates":[3.13633,44.01514]},"properties":{"cat":"travaux","sev":"medium","road":"A75","desc":"à 5 km au sud de Viaduc de Millau · De Clermont-Ferrand vers Béziers"}},{"type":"Feature","geometry":{"type":"Point","coordinates":[1.83579,42.67284]},"properties":{"cat":"travaux","sev":"medium","road":"N20","desc":"A-138-RN20-2026"}},{"type":"Feature","geometry":{"type":"Point","coordinates":[6.56066,44.7826]},"properties":{"cat":"travaux","sev":"highest","road":"N94","desc":"Alternat par feux, travaux de sécurisation"}},{"type":"Feature","geometry":{"type":"Point","coordinates":[3.78636,46.21805]},"properties":{"cat":"travaux","sev":"high","road":"N7","desc":"Travaux de réfection de chaussée programmés de jour comme de nuit sur la période."}},{"type":"Feature","geometry":{"type":"Point","coordinates":[4.30637,46.62741]},"properties":{"cat":"travaux","sev":"medium","road":"N70","desc":"Jours et nuits"}},{"type":"Feature","geometry":{"type":"Point","coordinates":[1.76731,42.55782]},"properties":{"cat":"travaux","sev":"medium","road":"N22","desc":"A-140-2026 RN22\nTravaux d'enfouissement de câbles"}},{"type":"Feature","geometry":{"type":"Point","coordinates":[1.76731,42.55782]},"properties":{"cat":"travaux","sev":"medium","road":"N22","desc":"à 2 km à l'ouest de Le Poste de Douane"}},{"type":"Feature","geometry":{"type":"Point","coordinates":[0.52395,46.48593]},"properties":{"cat":"travaux","sev":"high","road":"N147","desc":"à 10 km au nord de Lhommaizé · De Limoges vers Poitiers"}},{"type":"Feature","geometry":{"type":"Point","coordinates":[6.35785,46.90012]},"properties":{"cat":"travaux","sev":"medium","road":"N57","desc":"Rétrécissement au droit du chantier.\nAdaptez votre vitesse."}},{"type":"Feature","geometry":{"type":"Point","coordinates":[4.25143,44.6745]},"properties":{"cat":"travaux","sev":"medium","road":"N102","desc":"Phase 1:reprise des trottoir; Phase 2 enrobé"}},{"type":"Feature","geometry":{"type":"Point","coordinates":[3.2513,44.65317]},"properties":{"cat":"travaux","sev":"medium","road":"A75","desc":"à 6 km au nord de Antrenas · De Béziers vers Clermont-Ferrand"}},{"type":"Feature","geometry":{"type":"Point","coordinates":[-0.47141,48.35821]},"properties":{"cat":"travaux","sev":"medium","road":"N12","desc":"à 2 km à l'ouest de Lentilière"}},{"type":"Feature","geometry":{"type":"Point","coordinates":[6.36106,46.78756]},"properties":{"cat":"travaux","sev":"high","road":"N57","desc":"Chantier de nuit.\nRestrictions de vitesse localisées."}},{"type":"Feature","geometry":{"type":"Point","coordinates":[0.26647,46.45468]},"properties":{"cat":"travaux","sev":"medium","road":"N10","desc":"à 4 km au sud de Croutelle · De Paris vers Bordeaux"}},{"type":"Feature","geometry":{"type":"Point","coordinates":[4.37546,45.40432]},"properties":{"cat":"travaux","sev":"medium","road":"N88","desc":"à 348 m au sud de Saint-Étienne - Tardy - La Ter"}},{"type":"Feature","geometry":{"type":"Point","coordinates":[6.50909,44.56902]},"properties":{"cat":"travaux","sev":"medium","road":"N94","desc":"Alternat par feux, création d'un escallier"}},{"type":"Feature","geometry":{"type":"Point","coordinates":[6.57607,44.64629]},"properties":{"cat":"travaux","sev":"medium","road":"N94","desc":"Alternat, maintenance radar"}},{"type":"Feature","geometry":{"type":"Point","coordinates":[6.46198,43.96208]},"properties":{"cat":"travaux","sev":"medium","road":"N202","desc":"Alternat par feux, reconstruction mur"}},{"type":"Feature","geometry":{"type":"Point","coordinates":[5.99931,47.21173]},"properties":{"cat":"travaux","sev":"medium","road":"N57","desc":"Restrictions de vitesse localisées."}},{"type":"Feature","geometry":{"type":"Point","coordinates":[6.16941,48.72274]},"properties":{"cat":"travaux","sev":"medium","road":"A31","desc":"à 1 km au nord de Nancy Gentilly · De Lyon vers Luxembourg"}},{"type":"Feature","geometry":{"type":"Point","coordinates":[1.73449,42.77034]},"properties":{"cat":"travaux","sev":"medium","road":"N20","desc":"Remplacement cadre et tampon télécom\nA-143-RN20-2026"}},{"type":"Feature","geometry":{"type":"Point","coordinates":[1.73449,42.77034]},"properties":{"cat":"travaux","sev":"medium","road":"N20","desc":"à 6 km au sud de Les Cabannes"}},{"type":"Feature","geometry":{"type":"Point","coordinates":[2.41637,44.90044]},"properties":{"cat":"travaux","sev":"medium","road":"N122","desc":"à 18 km au sud de Aurillac"}},{"type":"Feature","geometry":{"type":"Point","coordinates":[0.17472,46.28833]},"properties":{"cat":"travaux","sev":"medium","road":"N10","desc":"à 1 km au sud de Couhé nord · De Paris vers Bordeaux"}},{"type":"Feature","geometry":{"type":"Point","coordinates":[-1.67389,48.08081]},"properties":{"cat":"travaux","sev":"medium","road":"N136","desc":"à 3 km au nord de Rennes - Porte d'Angers - Port"}},{"type":"Feature","geometry":{"type":"Point","coordinates":[6.25546,47.64174]},"properties":{"cat":"travaux","sev":"medium","road":"N19","desc":"Restrictions de vitesse localisées."}},{"type":"Feature","geometry":{"type":"Point","coordinates":[4.91446,48.64032]},"properties":{"cat":"travaux","sev":"medium","road":"N4","desc":"Travaux jusqu'au 01/02/2027. Mise en 2x2 voies."}},{"type":"Feature","geometry":{"type":"Point","coordinates":[-2.77354,48.19243]},"properties":{"cat":"travaux","sev":"medium","road":"N164","desc":"Arrêté SO049"}},{"type":"Feature","geometry":{"type":"Point","coordinates":[5.29191,47.91016]},"properties":{"cat":"travaux","sev":"medium","road":"N19","desc":"Adaptez votre vitesse."}},{"type":"Feature","geometry":{"type":"Point","coordinates":[4.31816,43.87318]},"properties":{"cat":"travaux","sev":"medium","road":"N106","desc":"à 2 km au nord de Nîmes ouest"}},{"type":"Feature","geometry":{"type":"Point","coordinates":[4.74564,43.95853]},"properties":{"cat":"travaux","sev":"medium","road":"N100","desc":"De Avignon vers Remoulins"}},{"type":"Feature","geometry":{"type":"Point","coordinates":[3.89251,44.24925]},"properties":{"cat":"travaux","sev":"medium","road":"N106","desc":"à 9 km à l'ouest de Les Salles-du-Gardon"}},{"type":"Feature","geometry":{"type":"Point","coordinates":[4.15688,44.01448]},"properties":{"cat":"travaux","sev":"medium","road":"N106","desc":"à 9 km au nord de Mas-de-Ponge"}},{"type":"Feature","geometry":{"type":"Point","coordinates":[-0.66407,44.85524]},"properties":{"cat":"travaux","sev":"medium","road":"A630","desc":"commence à proximité de l'échangeur 7 (Eysines _ Le Vigean) et se termine à proximité de l'échangeur 9 (magudas) ; les usagers sont déviés p"}},{"type":"Feature","geometry":{"type":"Point","coordinates":[-0.62427,44.88161]},"properties":{"cat":"travaux","sev":"medium","road":"A630","desc":"commence à proximité de l'échangeur 9 (Magudas) et se termine à proximité de l'échangeur (Eysines _ Le Vigean) ; les usagers sont déviés par"}},{"type":"Feature","geometry":{"type":"Point","coordinates":[6.2068,44.05896]},"properties":{"cat":"travaux","sev":"medium","road":"N85","desc":"Alternat par feux ou manuel, signalisation horizontale"}},{"type":"Feature","geometry":{"type":"Point","coordinates":[6.30311,43.98289]},"properties":{"cat":"travaux","sev":"medium","road":"N85","desc":"Alternat par feux ou manuel, signalisation horizontale"}},{"type":"Feature","geometry":{"type":"Point","coordinates":[3.14677,47.03433]},"properties":{"cat":"travaux","sev":"medium","road":"A77","desc":"à 5 km au sud de Pougues-les-Eaux Nord"}},{"type":"Feature","geometry":{"type":"Point","coordinates":[4.82376,45.2695]},"properties":{"cat":"travaux","sev":"medium","road":"N7","desc":"au sud de Saint-Rambert-d'Albon Sud"}},{"type":"Feature","geometry":{"type":"Point","coordinates":[-2.01243,48.03069]},"properties":{"cat":"travaux","sev":"medium","road":"N24","desc":"Travaux de réfection de chaussée sur RD63\nFermeture des bretelles de l'échangeur (entrée - sortie)\ndu 07/10 au 16/10/26\nDéviations locales"}},{"type":"Feature","geometry":{"type":"Point","coordinates":[-3.62084,47.87599]},"properties":{"cat":"travaux","sev":"medium","road":"N165","desc":"Arrêté BM065 est abrogé par l'arrêté n°BM065-1 a partir du 07/09/2026 à 14h00"}},{"type":"Feature","geometry":{"type":"Point","coordinates":[5.99849,47.32062]},"properties":{"cat":"travaux","sev":"medium","road":"N57","desc":"Restrictions de vitesse localisées."}},{"type":"Feature","geometry":{"type":"Point","coordinates":[3.57995,48.73]},"properties":{"cat":"travaux","sev":"medium","road":"N4","desc":"à 3 km à l'est de Esternay · De Paris vers Allemagne - Freiburg-im-Breisgau"}},{"type":"Feature","geometry":{"type":"Point","coordinates":[5.09962,43.40028]},"properties":{"cat":"travaux","sev":"medium","road":"A55","desc":"à 1 km à l'ouest de La Mède est · De Marseille vers Martigues"}},{"type":"Feature","geometry":{"type":"Point","coordinates":[3.33026,43.74958]},"properties":{"cat":"travaux","sev":"high","road":"A75","desc":"Basculement de circulation du sens Sud/Nord sur le sens Nord/Sud entre les PR 272+400 et 275+400\nLa circulation sera donc en bidirectionnell"}},{"type":"Feature","geometry":{"type":"Point","coordinates":[3.32465,43.72467]},"properties":{"cat":"travaux","sev":"high","road":"A75","desc":"Passage transports exceptionnels interdit dans le sens Clermont-Ferrand=>Béziers si la largeur du convoi est > à 3.50 m ou si sa longueur es"}},{"type":"Feature","geometry":{"type":"Point","coordinates":[2.1621,46.19498]},"properties":{"cat":"travaux","sev":"high","road":"N145","desc":"à 5 km à l'ouest de Gouzon · De Montluçon vers Bellac"}},{"type":"Feature","geometry":{"type":"Point","coordinates":[-0.56037,42.81697]},"properties":{"cat":"travaux","sev":"medium","road":"N1134","desc":"De Le Somport – Espagne vers Pau"}},{"type":"Feature","geometry":{"type":"Point","coordinates":[2.38979,47.02624]},"properties":{"cat":"travaux","sev":"high","road":"N142","desc":"à 627 m à l'ouest de Carrefour de Trouy"}},{"type":"Feature","geometry":{"type":"Point","coordinates":[6.43922,47.93174]},"properties":{"cat":"travaux","sev":"medium","road":"N57","desc":"Chaussée rétrécie."}},{"type":"Feature","geometry":{"type":"Point","coordinates":[5.90495,46.76828]},"properties":{"cat":"travaux","sev":"medium","road":"N5","desc":"Chaussée rétrécie."}},{"type":"Feature","geometry":{"type":"Point","coordinates":[6.01456,46.5511]},"properties":{"cat":"travaux","sev":"medium","road":"N5","desc":"Restrictions de vitesse localisées."}},{"type":"Feature","geometry":{"type":"Point","coordinates":[6.17303,47.62775]},"properties":{"cat":"travaux","sev":"medium","road":"N19","desc":"Chaussée rétrécie ."}},{"type":"Feature","geometry":{"type":"Point","coordinates":[-0.6108,43.07674]},"properties":{"cat":"travaux","sev":"medium","road":"N134","desc":"à 3 km au sud de Asasp-Arros"}},{"type":"Feature","geometry":{"type":"Point","coordinates":[6.02885,47.21082]},"properties":{"cat":"travaux","sev":"medium","road":"N57","desc":"Restrictions de vitesse localisées."}},{"type":"Feature","geometry":{"type":"Point","coordinates":[1.49396,45.19047]},"properties":{"cat":"travaux","sev":"medium","road":"A20","desc":"à 2 km au nord de Brive Cana - Objat · De Toulouse vers Paris"}},{"type":"Feature","geometry":{"type":"Point","coordinates":[2.03616,47.23141]},"properties":{"cat":"travaux","sev":"medium","road":"A20","desc":"au sud de Vierzon · De Paris vers Toulouse"}},{"type":"Feature","geometry":{"type":"Point","coordinates":[4.38947,48.95576]},"properties":{"cat":"travaux","sev":"medium","road":"N44","desc":"à 471 m au sud de Châlons-en-Champagne · De Reims vers Vitry-le-François"}},{"type":"Feature","geometry":{"type":"Point","coordinates":[4.99492,49.68538]},"properties":{"cat":"travaux","sev":"medium","desc":"Arrêté n°T 26 – 484 / 08"}},{"type":"Feature","geometry":{"type":"Point","coordinates":[1.61917,42.8239]},"properties":{"cat":"travaux","sev":"medium","road":"N20","desc":"Travaux d’abattage d’une haie\nA-142-RN20-2026"}},{"type":"Feature","geometry":{"type":"Point","coordinates":[1.61917,42.8239]},"properties":{"cat":"travaux","sev":"medium","road":"N20","desc":"à 2 km au sud de Tarascon-sur-Ariège sud"}},{"type":"Feature","geometry":{"type":"Point","coordinates":[0.67928,42.92538]},"properties":{"cat":"travaux","sev":"medium","road":"N125","desc":"Travaux de changement de signalisation directionnelle\nA-139-2026 RN125"}},{"type":"Feature","geometry":{"type":"Point","coordinates":[0.67928,42.92538]},"properties":{"cat":"travaux","sev":"medium","road":"N125"}},{"type":"Feature","geometry":{"type":"Point","coordinates":[5.73357,46.82326]},"properties":{"cat":"travaux","sev":"medium","road":"N5","desc":"Restrictions de vitesse localisées."}},{"type":"Feature","geometry":{"type":"Point","coordinates":[1.93276,42.45571]},"properties":{"cat":"travaux","sev":"medium","road":"N20","desc":"Travaux de sondages géotechniques\nA-144-RN20 (66)-2026"}},{"type":"Feature","geometry":{"type":"Point","coordinates":[1.93276,42.45571]},"properties":{"cat":"travaux","sev":"medium","road":"N20","desc":"à 3 km au sud de Latour-de-Carol"}},{"type":"Feature","geometry":{"type":"Point","coordinates":[1.50576,45.10969]},"properties":{"cat":"travaux","sev":"medium","road":"A20","desc":"à 265 m au sud de Brive Terrasson · De Paris vers Toulouse"}},{"type":"Feature","geometry":{"type":"Point","coordinates":[3.19819,44.47719]},"properties":{"cat":"travaux","sev":"medium","road":"A75","desc":"à 2 km au sud de Le Monastier · De Clermont-Ferrand vers Béziers"}},{"type":"Feature","geometry":{"type":"Point","coordinates":[4.73259,46.33087]},"properties":{"cat":"travaux","sev":"medium","road":"N79","desc":"à 4 km à l'est de 42185 · De Montluçon (A71) vers Mâcon"}},{"type":"Feature","geometry":{"type":"Point","coordinates":[6.65982,47.6219]},"properties":{"cat":"travaux","sev":"medium","road":"N19","desc":"Restrictions de vitesse localisées."}},{"type":"Feature","geometry":{"type":"Point","coordinates":[0.10756,45.62284]},"properties":{"cat":"travaux","sev":"low","road":"N10","desc":"à 1 km au sud de Angoulême sud - Saint Michel · De Paris vers Bordeaux"}},{"type":"Feature","geometry":{"type":"Point","coordinates":[0.11021,45.62539]},"properties":{"cat":"travaux","sev":"low","road":"N10","desc":"à 694 m au nord de La Couronne · De Bordeaux vers Paris"}},{"type":"Feature","geometry":{"type":"Point","coordinates":[-0.29111,45.68134]},"properties":{"cat":"travaux","sev":"medium","road":"N141","desc":"à 5 km à l'ouest de Jarnac · De Limoges vers Saintes"}},{"type":"Feature","geometry":{"type":"Point","coordinates":[-2.33292,48.36852]},"properties":{"cat":"travaux","sev":"medium","road":"N12","desc":"à 400 m à l'ouest de Les Dîneux"}},{"type":"Feature","geometry":{"type":"Point","coordinates":[6.17485,48.57413]},"properties":{"cat":"travaux","sev":"medium","road":"N57","desc":"à 3 km au nord de 43249 · De Suisse - Lausanne vers Metz"}},{"type":"Feature","geometry":{"type":"Point","coordinates":[6.24876,48.47229]},"properties":{"cat":"travaux","sev":"medium","road":"N57","desc":"à 10 km au sud de 43249 · De Metz vers Suisse - Lausanne"}},{"type":"Feature","geometry":{"type":"Point","coordinates":[6.18894,48.55367]},"properties":{"cat":"travaux","sev":"medium","road":"N57","desc":"à 2 km au sud de Flavigny-sur-Moselle · De Metz vers Suisse - Lausanne"}},{"type":"Feature","geometry":{"type":"Point","coordinates":[6.24247,48.4846]},"properties":{"cat":"travaux","sev":"medium","road":"N57","desc":"à 8 km au sud de 43249 · De Metz vers Suisse - Lausanne"}},{"type":"Feature","geometry":{"type":"Point","coordinates":[4.98927,43.59288]},"properties":{"cat":"travaux","sev":"medium","road":"N569","desc":"à 2 km au nord de Fos-sur-Mer · De Fos-sur-Mer (N568) vers Salon-de-Provence (N113)"}},{"type":"Feature","geometry":{"type":"Point","coordinates":[6.17303,47.62775]},"properties":{"cat":"travaux","sev":"medium","road":"N19","desc":"Chaussée rétrécie. Prudence"}},{"type":"Feature","geometry":{"type":"Point","coordinates":[-3.37326,47.77266]},"properties":{"cat":"travaux","sev":"medium","road":"N165","desc":"Arrêté VO150 phase 1."}},{"type":"Feature","geometry":{"type":"Point","coordinates":[-3.37326,47.77266]},"properties":{"cat":"travaux","sev":"medium","road":"N165","desc":"Arrêté VO150 phase 2"}},{"type":"Feature","geometry":{"type":"Point","coordinates":[4.15642,45.93035]},"properties":{"cat":"travaux","sev":"medium","road":"N82","desc":"à 4 km au nord de Neulise Sud · De Balbigny vers Roanne sud (N7)"}},{"type":"Feature","geometry":{"type":"Point","coordinates":[6.14427,44.57745]},"properties":{"cat":"travaux","sev":"medium","road":"N94","desc":"Alternat par feux, raccordement"}},{"type":"Feature","geometry":{"type":"Point","coordinates":[3.50496,47.66304]},"properties":{"cat":"travaux","sev":"high","road":"N151","desc":"à 18 km à l'est de Clamecy nord"}},{"type":"Feature","geometry":{"type":"Point","coordinates":[-2.46903,47.77422]},"properties":{"cat":"travaux","sev":"medium","road":"N166","desc":"PHASE2 - ARRETE No VV140"}},{"type":"Feature","geometry":{"type":"Point","coordinates":[5.19774,43.37472]},"properties":{"cat":"travaux","sev":"medium","road":"A55","desc":"à 487 m à l'ouest de Les Pennes Mirabeau · De Marseille vers Martigues"}},{"type":"Feature","geometry":{"type":"Point","coordinates":[7.21156,48.76009]},"properties":{"cat":"travaux","sev":"medium","road":"N4","desc":"à l'ouest de Phalsbourg · De Allemagne - Freiburg-im-Breisgau vers Paris"}},{"type":"Feature","geometry":{"type":"Point","coordinates":[-1.88907,48.05867]},"properties":{"cat":"travaux","sev":"medium","road":"N24","desc":"à 3 km à l'ouest de Le Rheu Les Landes d'Apigné"}},{"type":"Feature","geometry":{"type":"Point","coordinates":[5.12313,48.6402]},"properties":{"cat":"travaux","sev":"medium","road":"N4","desc":"à 13 km à l'ouest de Ligny-en-Barrois ouest · De Allemagne - Freiburg-im-Breisgau vers Paris"}},{"type":"Feature","geometry":{"type":"Point","coordinates":[4.63567,46.3939]},"properties":{"cat":"travaux","sev":"medium","road":"N79","desc":"à 2 km à l'est de 42183"}},{"type":"Feature","geometry":{"type":"Point","coordinates":[1.64014,48.7929]},"properties":{"cat":"travaux","sev":"medium","road":"N12","desc":"à 7 km à l'est de Marolles · De Brest vers Paris"}},{"type":"Feature","geometry":{"type":"Point","coordinates":[1.61831,48.7836]},"properties":{"cat":"travaux","sev":"medium","road":"N12","desc":"à 2 km à l'ouest de Gambais - Quatre Piliers · De Paris vers Brest"}},{"type":"Feature","geometry":{"type":"Point","coordinates":[1.21619,49.5331]},"properties":{"cat":"travaux","sev":"high","road":"A28","desc":"à 287 m au nord de Échangeur-de-la-Ronce · De Rouen vers Abbeville"}},{"type":"Feature","geometry":{"type":"Point","coordinates":[-2.78783,48.54592]},"properties":{"cat":"travaux","sev":"high","road":"N12","desc":"Arrêté SL196"}},{"type":"Feature","geometry":{"type":"Point","coordinates":[1.56205,48.39559]},"properties":{"cat":"travaux","sev":"medium","road":"N154","desc":"à 12 km au nord de Allonnes"}},{"type":"Feature","geometry":{"type":"Point","coordinates":[1.62216,42.94909]},"properties":{"cat":"travaux","sev":"medium","road":"N20","desc":"TRAVAUX DU RENOUVELLEMENT DE LA COUCHE DE ROULEMENT SUR LA RN20\nA-125-2026 RN20\n2ème Phase."}},{"type":"Feature","geometry":{"type":"Point","coordinates":[1.62229,42.95053]},"properties":{"cat":"travaux","sev":"medium","road":"N20","desc":"à 2 km au nord de Saint-Paul-de-Jarrat · De Bourg-Madame - Espagne vers Pamiers"}},{"type":"Feature","geometry":{"type":"Point","coordinates":[-1.98479,48.53692]},"properties":{"cat":"travaux","sev":"medium","road":"N176","desc":"Arrêté SP111"}},{"type":"Feature","geometry":{"type":"Point","coordinates":[-1.92244,48.54531]},"properties":{"cat":"travaux","sev":"medium","desc":"à 78 m à l'est de 47262 · De Avranches vers Saint-Brieuc"}},{"type":"Feature","geometry":{"type":"Point","coordinates":[-1.92244,48.54531]},"properties":{"cat":"travaux","sev":"medium","desc":"à 78 m à l'est de 47262 · De Avranches vers Saint-Brieuc"}},{"type":"Feature","geometry":{"type":"Point","coordinates":[-2.03856,48.51701]},"properties":{"cat":"travaux","sev":"medium","road":"N176","desc":"à 723 m à l'est de Dinan nord · De Saint-Brieuc vers Avranches"}},{"type":"Feature","geometry":{"type":"Point","coordinates":[-1.57341,48.12248]},"properties":{"cat":"travaux","sev":"medium","road":"N136","desc":"à 3 km à l'ouest de Rennes Porte de Tizé"}},{"type":"Feature","geometry":{"type":"Point","coordinates":[4.97722,43.42195]},"properties":{"cat":"travaux","sev":"medium","road":"N568","desc":"à 4 km au nord de La Mède est · De Martigues vers Arles"}},{"type":"Feature","geometry":{"type":"Point","coordinates":[6.15705,48.75152]},"properties":{"cat":"travaux","sev":"medium","desc":"à 3 km au sud de Custines · De Lyon vers Luxembourg"}},{"type":"Feature","geometry":{"type":"Point","coordinates":[6.15565,48.74807]},"properties":{"cat":"travaux","sev":"medium","road":"A31","desc":"à 3 km au sud de Custines · De Luxembourg vers Lyon"}},{"type":"Feature","geometry":{"type":"Point","coordinates":[4.96659,44.97743]},"properties":{"cat":"travaux","sev":"medium","road":"N532","desc":"à 404 m à l'est de Bourg-lès-Valence (Les Couleur · De Valence vers Grenoble"}},{"type":"Feature","geometry":{"type":"Point","coordinates":[-1.34609,48.62696]},"properties":{"cat":"travaux","sev":"medium","road":"N175","desc":"De Caen vers Rennes"}},{"type":"Feature","geometry":{"type":"Point","coordinates":[5.18574,43.37322]},"properties":{"cat":"travaux","sev":"medium","road":"A55","desc":"à 487 m à l'ouest de Les Pennes Mirabeau · De Marseille vers Martigues"}},{"type":"Feature","geometry":{"type":"Point","coordinates":[-0.59672,43.15482]},"properties":{"cat":"travaux","sev":"medium","road":"N134","desc":"à 2 km au sud de Oloron · De Pau vers Le Somport – Espagne"}},{"type":"Feature","geometry":{"type":"Point","coordinates":[2.45983,44.29001]},"properties":{"cat":"travaux","sev":"highest"}},{"type":"Feature","geometry":{"type":"Point","coordinates":[-0.60999,42.9628]},"properties":{"cat":"travaux","sev":"medium","road":"N134","desc":"à 521 m au sud de Accous · De Pau vers Le Somport – Espagne"}},{"type":"Feature","geometry":{"type":"Point","coordinates":[3.24813,44.65038]},"properties":{"cat":"travaux","sev":"medium","road":"A75","desc":"à 2 km au sud de Aumont-Aubrac sud · De Clermont-Ferrand vers Béziers"}},{"type":"Feature","geometry":{"type":"Point","coordinates":[-0.60964,42.96727]},"properties":{"cat":"travaux","sev":"medium","road":"N134","desc":"à 14 km au sud de Asasp-Arros"}},{"type":"Feature","geometry":{"type":"Point","coordinates":[0.7463,43.65342]},"properties":{"cat":"travaux","sev":"high"}},{"type":"Feature","geometry":{"type":"Point","coordinates":[-1.0599,49.09757]},"properties":{"cat":"travaux","sev":"medium","road":"N174","desc":"à 6 km au sud de Pont-Hébert · De RN13 vers A84"}},{"type":"Feature","geometry":{"type":"Point","coordinates":[6.31306,47.73072]},"properties":{"cat":"travaux","sev":"high","road":"N57","desc":"Restrictions de vitesse localisées."}},{"type":"Feature","geometry":{"type":"Point","coordinates":[4.38087,48.97169]},"properties":{"cat":"travaux","sev":"medium","road":"N44","desc":"à 11 km au nord de Pogny · De Vitry-le-François vers Reims"}},{"type":"Feature","geometry":{"type":"Point","coordinates":[-1.08925,49.32303]},"properties":{"cat":"travaux","sev":"medium","road":"N13","desc":"à 4 km à l'ouest de La Cambe - Vouilly · De Paris vers Cherbourg"}},{"type":"Feature","geometry":{"type":"Point","coordinates":[4.07818,46.05431]},"properties":{"cat":"travaux","sev":"medium","road":"N7","desc":"à 2 km à l'ouest de Le Coteau"}},{"type":"Feature","geometry":{"type":"Point","coordinates":[3.61252,47.79261]},"properties":{"cat":"travaux","sev":"medium","road":"N65","desc":"à 3 km à l'ouest de Auxerre · De Auxerre (A6) vers Auxerre (N6)"}},{"type":"Feature","geometry":{"type":"Point","coordinates":[-0.33274,45.17273]},"properties":{"cat":"travaux","sev":"medium","road":"N10","desc":"à 807 m au sud de Bedenac Le Jarculet · De Paris vers Bordeaux"}},{"type":"Feature","geometry":{"type":"Point","coordinates":[-1.4358,48.10164]},"properties":{"cat":"travaux","sev":"medium","road":"N157","desc":"Travaux sur ouvrages d'art ( débroussaillage)"}},{"type":"Feature","geometry":{"type":"Point","coordinates":[4.63914,46.74307]},"properties":{"cat":"travaux","sev":"medium","road":"N80","desc":"à 5 km à l'est de Col des Baudots · De Autun vers Chalon-sur-Saône"}},{"type":"Feature","geometry":{"type":"Point","coordinates":[1.55375,45.26932]},"properties":{"cat":"travaux","sev":"medium","road":"A20","desc":"à 4 km au sud de Uzerche sud - Vigeois"}},{"type":"Feature","geometry":{"type":"Point","coordinates":[6.51279,47.98632]},"properties":{"cat":"travaux","sev":"medium","road":"N57","desc":"à 3 km au nord de Plombières-les-Bains · De Suisse - Lausanne vers Metz"}},{"type":"Feature","geometry":{"type":"Point","coordinates":[1.73755,42.5478]},"properties":{"cat":"travaux","sev":"medium","road":"N22","desc":"A-134-2026 RN22 (66) Réalisation de peinture routière sur enrobés neuf\nPendant la durée des travaux, la gestion de la circulation sera alter"}},{"type":"Feature","geometry":{"type":"Point","coordinates":[6.49383,47.6984]},"properties":{"cat":"travaux","sev":"medium","road":"N19","desc":"Restriction de vitesse localisées."}},{"type":"Feature","geometry":{"type":"Point","coordinates":[-2.11395,47.44718]},"properties":{"cat":"travaux","sev":"medium","road":"N165","desc":"à 783 m à l'ouest de Pontchâteau · De Nantes vers Brest"}},{"type":"Feature","geometry":{"type":"Point","coordinates":[-2.07878,47.44126]},"properties":{"cat":"travaux","sev":"medium","road":"N165","desc":"à 5 km à l'est de Missillac - Le Chêne Vert · De Brest vers Nantes"}},{"type":"Feature","geometry":{"type":"Point","coordinates":[-2.11659,47.44697]},"properties":{"cat":"travaux","sev":"medium","road":"N165","desc":"à 1 km à l'ouest de Pontchâteau est · De Nantes vers Brest"}},{"type":"Feature","geometry":{"type":"Point","coordinates":[4.81921,43.53925]},"properties":{"cat":"travaux","sev":"medium","road":"N568","desc":"à 11 km au sud de Saint-Hippolyte · De Arles vers Martigues"}},{"type":"Feature","geometry":{"type":"Point","coordinates":[1.29259,45.89219]},"properties":{"cat":"travaux","sev":"medium","road":"A20","desc":"à 1 km au sud de Aire de Beaune-les-Mines"}},{"type":"Feature","geometry":{"type":"Point","coordinates":[2.71322,49.11797]},"properties":{"cat":"travaux","sev":"medium","road":"N330","desc":"Arrêté n°T 26 – 538 O"}},{"type":"Feature","geometry":{"type":"Point","coordinates":[2.73911,49.09797]},"properties":{"cat":"travaux","sev":"medium","road":"N330","desc":"à 4 km au nord de Limite Oise / Seine et Marne"}},{"type":"Feature","geometry":{"type":"Point","coordinates":[-0.40453,48.38562]},"properties":{"cat":"travaux","sev":"medium","road":"N12","desc":"à 439 m à l'ouest de Pré-en-Pail"}},{"type":"Feature","geometry":{"type":"Point","coordinates":[-1.6888,47.96302]},"properties":{"cat":"travaux","sev":"medium","road":"N137","desc":"à 3 km au nord de Bain-de-Bretagne nord"}},{"type":"Feature","geometry":{"type":"Point","coordinates":[-1.50467,48.21897]},"properties":{"cat":"travaux","sev":"medium","road":"A84","desc":"PPHM"}},{"type":"Feature","geometry":{"type":"Point","coordinates":[2.10963,50.71543]},"properties":{"cat":"travaux","sev":"medium","road":"N42","desc":"à 10 km à l'est de Escœuilles · De Boulogne vers Saint Omer (A26 Dif 3)"}},{"type":"Feature","geometry":{"type":"Point","coordinates":[1.95492,50.71503]},"properties":{"cat":"travaux","sev":"medium","road":"N42","desc":"à 8 km à l'ouest de [D942] · De Saint Omer (A26 Dif 3) vers Boulogne"}},{"type":"Feature","geometry":{"type":"Point","coordinates":[4.02606,46.0828]},"properties":{"cat":"travaux","sev":"medium","road":"N7","desc":"à 11 km à l'est de Changy"}},{"type":"Feature","geometry":{"type":"Point","coordinates":[3.22216,46.68518]},"properties":{"cat":"travaux","sev":"medium","road":"N7","desc":"à 5 km au nord de Moulins nord"}},{"type":"Feature","geometry":{"type":"Point","coordinates":[-0.63138,44.78828]},"properties":{"cat":"travaux","sev":"high","road":"A63","desc":"au nord de Cestas · De Biriatou – Espagne vers Bordeaux"}},{"type":"Feature","geometry":{"type":"Point","coordinates":[-0.63138,44.78828]},"properties":{"cat":"travaux","sev":"high","road":"A63","desc":"au nord de Gradignan · De Biriatou – Espagne vers Bordeaux"}},{"type":"Feature","geometry":{"type":"Point","coordinates":[1.40247,43.58514]},"properties":{"cat":"travaux","sev":"high","road":"A620","desc":"à 76 m au sud de Purpan · De Toulouse nord vers Toulouse sud"}},{"type":"Feature","geometry":{"type":"Point","coordinates":[3.12038,46.79841]},"properties":{"cat":"travaux","sev":"medium","road":"N7","desc":"à 8 km au sud de Circuit de Nevers Magny-Cours · De Paris vers Italie - Genova"}},{"type":"Feature","geometry":{"type":"Point","coordinates":[6.06642,47.21694]},"properties":{"cat":"travaux","sev":"high","road":"N57","desc":"Route fermée"}},{"type":"Feature","geometry":{"type":"Point","coordinates":[-0.54557,49.22165]},"properties":{"cat":"travaux","sev":"high","road":"N13","desc":"à 1 km à l'ouest de Bessin · De Paris vers Cherbourg"}},{"type":"Feature","geometry":{"type":"Point","coordinates":[1.82373,42.53679]},"properties":{"cat":"travaux","sev":"medium","road":"N523","desc":"Travaux de maintenance\nA-137-RN20-2026"}},{"type":"Feature","geometry":{"type":"Point","coordinates":[-1.11551,46.17354]},"properties":{"cat":"travaux","sev":"medium","road":"N11","desc":"à 7 km à l'ouest de La Rochelle Usseau · De Niort sud (A10) vers La Rochelle"}},{"type":"Feature","geometry":{"type":"Point","coordinates":[-1.10954,46.12085]},"properties":{"cat":"travaux","sev":"medium","road":"N137","desc":"Hors voie de circulation · De Île de Ré vers Saintes"}},{"type":"Feature","geometry":{"type":"Point","coordinates":[1.03574,49.361]},"properties":{"cat":"travaux","sev":"medium","road":"N138","desc":"à 492 m au sud de Zenith Parc Expo · De Rouen vers Caen"}},{"type":"Feature","geometry":{"type":"Point","coordinates":[1.33737,48.74289]},"properties":{"cat":"travaux","sev":"high","road":"N12","desc":"à 6 km à l'est de Saint-Rémy-sur-Âvre · De Rennes vers Paris"}},{"type":"Feature","geometry":{"type":"Point","coordinates":[4.2837,45.53301]},"properties":{"cat":"travaux","sev":"medium","road":"A72","desc":"à 3 km au nord de Villars-Ratarieux · De Saint-Étienne vers Clermont-Ferrand"}},{"type":"Feature","geometry":{"type":"Point","coordinates":[4.31683,45.49495]},"properties":{"cat":"travaux","sev":"medium","road":"A72","desc":"à 922 m à l'ouest de Villars-Ratarieux · De Saint-Étienne vers Clermont-Ferrand"}},{"type":"Feature","geometry":{"type":"Point","coordinates":[-0.34374,49.14614]},"properties":{"cat":"travaux","sev":"medium","road":"N814","desc":"à 1 km à l'ouest de Caen Cormelles"}},{"type":"Feature","geometry":{"type":"Point","coordinates":[1.63817,42.91877]},"properties":{"cat":"travaux","sev":"medium","road":"N20","desc":"A-125-2026 RN20 TRAVAUX DU RENOUVELLEMENT DE LA COUCHE DE ROULEMENT\nLe chantier sera réalisé de nuit sous fermeture du tunnel de Foix (20h00"}},{"type":"Feature","geometry":{"type":"Point","coordinates":[2.48415,48.97163]},"properties":{"cat":"travaux","sev":"high","road":"A3","desc":"au sud de A3 / A1 / A104 · De Roissy (A1) vers Paris - Porte de Bagnolet"}},{"type":"Feature","geometry":{"type":"Point","coordinates":[2.48415,48.97163]},"properties":{"cat":"travaux","sev":"high","road":"A3","desc":"au sud de A3 / A1 / A104 · De Roissy (A1) vers Paris - Porte de Bagnolet"}},{"type":"Feature","geometry":{"type":"Point","coordinates":[2.4919,48.88307]},"properties":{"cat":"travaux","sev":"high","road":"A103","desc":"à l'est de A103 / A3 · De Rosny-sous-Bois (A3) vers Villemomble"}},{"type":"Feature","geometry":{"type":"Point","coordinates":[2.46932,48.89903]},"properties":{"cat":"travaux","sev":"high","road":"A86","desc":"à 1 km à l'est de Bobigny - Drancy · De Rueil-Malmaison vers Versailles"}},{"type":"Feature","geometry":{"type":"Point","coordinates":[2.484,48.97154]},"properties":{"cat":"travaux","sev":"high","road":"A104","desc":"à 900 m au nord de Z.A. Paris nord II · De Melun (A4) vers Roissy (A1)"}},{"type":"Feature","geometry":{"type":"Point","coordinates":[2.41211,48.86588]},"properties":{"cat":"travaux","sev":"high","road":"A3","desc":"."}},{"type":"Feature","geometry":{"type":"Point","coordinates":[-1.51757,47.1711]},"properties":{"cat":"travaux","sev":"medium","road":"N844","desc":"à 2 km à l'est de Porte de Retz · De Nantes Porte d'Anjou vers Nantes Porte d'Orvault"}},{"type":"Feature","geometry":{"type":"Point","coordinates":[6.37468,48.60501]},"properties":{"cat":"travaux","sev":"medium","road":"N4","desc":"à 3 km à l'ouest de Aire de repos de Anthelupt · De Allemagne - Freiburg-im-Breisgau vers Paris"}},{"type":"Feature","geometry":{"type":"Point","coordinates":[6.30945,48.6178]},"properties":{"cat":"travaux","sev":"medium","road":"A33","desc":"à l'ouest de Lunéville Château · De Lunéville vers Nancy"}},{"type":"Feature","geometry":{"type":"Point","coordinates":[1.28419,43.3877]},"properties":{"cat":"travaux","sev":"high","road":"A64","desc":"à 3 km au nord de Carbonne · De Bayonne vers Toulouse"}},{"type":"Feature","geometry":{"type":"Point","coordinates":[2.61307,48.66512]},"properties":{"cat":"travaux","sev":"high","road":"N104","desc":"au sud de Le Pavé-de-Pontault-Combault · De Villiers-Adam vers Les Ulis"}},{"type":"Feature","geometry":{"type":"Point","coordinates":[1.03505,49.39466]},"properties":{"cat":"travaux","sev":"medium","road":"N338","desc":"à 924 m au sud de Grand-Quevilly Centre routier · De Rouen vers Paris"}},{"type":"Feature","geometry":{"type":"Point","coordinates":[1.15553,45.85486]},"properties":{"cat":"travaux","sev":"high","road":"N520","desc":"20h00 à 6h00"}},{"type":"Feature","geometry":{"type":"Point","coordinates":[-3.34976,47.77889]},"properties":{"cat":"travaux","sev":"medium","road":"N165","desc":"à 930 m à l'ouest de Hennebont · De Nantes vers Brest"}},{"type":"Feature","geometry":{"type":"Point","coordinates":[-2.00784,47.35756]},"properties":{"cat":"travaux","sev":"medium","road":"N171","desc":"à 2 km à l'ouest de Savenay nord"}},{"type":"Feature","geometry":{"type":"Point","coordinates":[2.46425,48.62228]},"properties":{"cat":"travaux","sev":"medium","road":"N104","desc":"à 607 m à l'est de Évry - Corbeil-Essonnes - Les · De Les Ulis vers Villiers-Adam"}},{"type":"Feature","geometry":{"type":"Point","coordinates":[-0.62688,44.8802]},"properties":{"cat":"travaux","sev":"high","road":"A630","desc":"à 393 m au sud de Bruges - Le Tasta"}},{"type":"Feature","geometry":{"type":"Point","coordinates":[2.59055,48.97326]},"properties":{"cat":"travaux","sev":"high","road":"A104","desc":"à 2 km au nord de Villevaudé - Meaux · De Melun (A4) vers Roissy (A1)"}},{"type":"Feature","geometry":{"type":"Point","coordinates":[2.24322,48.97487]},"properties":{"cat":"travaux","sev":"high","road":"A15","desc":"à 2 km à l'est de Herblay · De Cergy-Pontoise (N14) vers Gennevilliers (N315)"}},{"type":"Feature","geometry":{"type":"Point","coordinates":[5.57511,43.28354]},"properties":{"cat":"travaux","sev":"high","road":"A502","desc":"COUPURE TOTALE"}},{"type":"Feature","geometry":{"type":"Point","coordinates":[3.46498,50.3395]},"properties":{"cat":"travaux","sev":"medium","desc":"Sur 300 m à 200 m du début de la bretelle."}},{"type":"Feature","geometry":{"type":"Point","coordinates":[3.47207,50.34014]},"properties":{"cat":"travaux","sev":"medium","desc":"à 339 m à l'est de Aire de la Sentinelle · De Paris vers Belgique - Bruxelles"}},{"type":"Feature","geometry":{"type":"Point","coordinates":[3.48016,50.34818]},"properties":{"cat":"travaux","sev":"medium","desc":"Sur 1,5 km"}},{"type":"Feature","geometry":{"type":"Point","coordinates":[3.48602,50.34106]},"properties":{"cat":"travaux","sev":"medium","road":"A2","desc":"à 97 m à l'est de Aire de la Sentinelle · De Paris vers Belgique - Bruxelles"}},{"type":"Feature","geometry":{"type":"Point","coordinates":[2.576,48.97269]},"properties":{"cat":"travaux","sev":"high","road":"A104","desc":"à 2 km au nord de Mitry-Mory · De Melun (A4) vers Roissy (A1)"}},{"type":"Feature","geometry":{"type":"Point","coordinates":[1.21914,43.32092]},"properties":{"cat":"travaux","sev":"highest","road":"A64","desc":"au sud de Mauzac · De Toulouse vers Bayonne"}},{"type":"Feature","geometry":{"type":"Point","coordinates":[2.19513,48.67103]},"properties":{"cat":"travaux","sev":"high","road":"A10","desc":"à 2 km au sud de Les Ulis · De Paris vers Bordeaux"}},{"type":"Feature","geometry":{"type":"Point","coordinates":[6.10751,49.08979]},"properties":{"cat":"travaux","sev":"medium","road":"A31","desc":"à 4 km au nord de Fey · De Lyon vers Luxembourg"}},{"type":"Feature","geometry":{"type":"Point","coordinates":[4.39759,45.41069]},"properties":{"cat":"travaux","sev":"medium","desc":"Sur 200 m à 0 m de la fin de la bretelle."}},{"type":"Feature","geometry":{"type":"Point","coordinates":[6.1115,49.40147]},"properties":{"cat":"travaux","sev":"medium","road":"A31","desc":"à 1 km au sud de Frontière Luxembourg · De Luxembourg vers Lyon"}},{"type":"Feature","geometry":{"type":"Point","coordinates":[2.57609,48.97273]},"properties":{"cat":"travaux","sev":"high","road":"N2","desc":"à 3 km à l'ouest de Z.I. Mitry - Compans · De Belgique - Mons vers Paris"}},{"type":"Feature","geometry":{"type":"Point","coordinates":[5.4283,43.52987]},"properties":{"cat":"travaux","sev":"medium","road":"N296","desc":"NEUTRALISATION VOIE DE DROITE"}},{"type":"Feature","geometry":{"type":"Point","coordinates":[0.97687,45.56245]},"properties":{"cat":"travaux","sev":"medium","road":"N21","desc":"à 9 km au sud de Châlus"}},{"type":"Feature","geometry":{"type":"Point","coordinates":[2.84433,50.44246]},"properties":{"cat":"travaux","sev":"medium","desc":"Sur 200 m à 200 m du début de la bretelle."}},{"type":"Feature","geometry":{"type":"Point","coordinates":[2.86393,50.43331]},"properties":{"cat":"travaux","sev":"medium","road":"A21","desc":"à 1 km à l'est de Douvrin · De Aix-Noulette (A26) vers Douchy-les-Mines (A2)"}},{"type":"Feature","geometry":{"type":"Point","coordinates":[2.29767,48.93787]},"properties":{"cat":"travaux","sev":"high","road":"A86","desc":"à l'est de Nanterre Université · De Rueil-Malmaison vers Versailles"}},{"type":"Feature","geometry":{"type":"Point","coordinates":[2.03752,48.7964]},"properties":{"cat":"travaux","sev":"medium","road":"N12","desc":"à 211 m à l'est de Aire de Millemont · De Brest vers Paris"}},{"type":"Feature","geometry":{"type":"Point","coordinates":[5.37535,43.30688]},"properties":{"cat":"travaux","sev":"high","road":"A7","desc":"COUPURE TOTALE"}},{"type":"Feature","geometry":{"type":"Point","coordinates":[4.98018,43.41804]},"properties":{"cat":"travaux","sev":"medium","road":"N568","desc":"à 282 m à l'est de Pont du Roi"}},{"type":"Feature","geometry":{"type":"Point","coordinates":[6.16052,48.74984]},"properties":{"cat":"travaux","sev":"medium","desc":"à 164 m au nord de Bouxières · De Luxembourg vers Lyon"}},{"type":"Feature","geometry":{"type":"Point","coordinates":[4.9844,43.41558]},"properties":{"cat":"travaux","sev":"medium","road":"N568","desc":"à 357 m au nord de Martigues · De Martigues vers Arles"}},{"type":"Feature","geometry":{"type":"Point","coordinates":[2.34546,48.67178]},"properties":{"cat":"travaux","sev":"medium","road":"A6","desc":"à 2 km au sud de Chilly-Mazarin · De Paris vers Lyon"}},{"type":"Feature","geometry":{"type":"Point","coordinates":[2.29182,48.76041]},"properties":{"cat":"travaux","sev":"high","road":"N385","desc":"De Clamart vers Antony"}},{"type":"Feature","geometry":{"type":"Point","coordinates":[2.31308,48.76243]},"properties":{"cat":"travaux","sev":"high","road":"A86","desc":"à 3 km à l'est de Châtenay - Verrières-le-Buisso · De Versailles vers Rueil-Malmaison"}},{"type":"Feature","geometry":{"type":"Point","coordinates":[4.92638,45.80319]},"properties":{"cat":"travaux","sev":"high","road":"N346","desc":"au nord de Manissieux · De Saint-Priest (A43) vers Vaulx-en-Velin (A42)"}},{"type":"Feature","geometry":{"type":"Point","coordinates":[4.92645,45.80325]},"properties":{"cat":"travaux","sev":"high","road":"A42","desc":"à 86 m au nord de 12557 · De Lyon vers Bourg-en-Bresse"}},{"type":"Feature","geometry":{"type":"Point","coordinates":[4.92604,45.80407]},"properties":{"cat":"travaux","sev":"high","road":"N346","desc":"au nord de Les Iles · De Saint-Priest (A43) vers Vaulx-en-Velin (A42)"}},{"type":"Feature","geometry":{"type":"Point","coordinates":[2.4365,49.0473]},"properties":{"cat":"travaux","sev":"high","road":"N104","desc":"à 4 km à l'est de La Croix Verte · De Villiers-Adam vers Les Ulis"}},{"type":"Feature","geometry":{"type":"Point","coordinates":[2.45731,48.8186]},"properties":{"cat":"travaux","sev":"high","road":"A4","desc":"à l'est de Paris - Porte de Bercy · De Paris vers Strasbourg"}},{"type":"Feature","geometry":{"type":"Point","coordinates":[-0.92483,44.63134]},"properties":{"cat":"travaux","sev":"medium","road":"A660","desc":"à 3 km à l'est de Le Teich · De Arcachon vers Bordeaux"}},{"type":"Feature","geometry":{"type":"Point","coordinates":[1.93453,48.79899]},"properties":{"cat":"travaux","sev":"high","road":"N12","desc":"à 2 km à l'est de Carrefour de l'Espérance · De Brest vers Paris"}},{"type":"Feature","geometry":{"type":"Point","coordinates":[1.93453,48.79899]},"properties":{"cat":"travaux","sev":"high","road":"N12","desc":"."}},{"type":"Feature","geometry":{"type":"Point","coordinates":[2.29182,48.76041]},"properties":{"cat":"travaux","sev":"high","road":"N385","desc":"De Clamart vers Antony"}},{"type":"Feature","geometry":{"type":"Point","coordinates":[2.33367,48.75612]},"properties":{"cat":"travaux","sev":"high","road":"A86","desc":"à 3 km à l'est de Châtenay - Verrières-le-Buisso · De Versailles vers Rueil-Malmaison"}},{"type":"Feature","geometry":{"type":"Point","coordinates":[2.33037,48.75701]},"properties":{"cat":"travaux","sev":"high","road":"A86","desc":"à 631 m à l'ouest de La Belle Épine · De Rueil-Malmaison vers Versailles"}},{"type":"Feature","geometry":{"type":"Point","coordinates":[5.29981,43.39338]},"properties":{"cat":"travaux","sev":"high","road":"A55","desc":"à l'ouest de La Joliette · De Marseille vers Martigues"}},{"type":"Feature","geometry":{"type":"Point","coordinates":[3.45166,50.39463]},"properties":{"cat":"travaux","sev":"medium","road":"A23","desc":"à 2 km au nord de Petite-Forêt · De Valenciennes vers Lille"}},{"type":"Feature","geometry":{"type":"Point","coordinates":[6.17953,48.61758]},"properties":{"cat":"travaux","sev":"medium","desc":"Sur 300 m au début de la bretelle."}},{"type":"Feature","geometry":{"type":"Point","coordinates":[6.17624,48.6106]},"properties":{"cat":"travaux","sev":"medium","road":"A330","desc":"à 234 m au sud de Ludres - ZI · De Nancy vers Flavigny"}},{"type":"Feature","geometry":{"type":"Point","coordinates":[6.17585,48.60988]},"properties":{"cat":"travaux","sev":"medium","desc":"à 244 m au nord de Richardménil · De Nancy vers Flavigny"}},{"type":"Feature","geometry":{"type":"Point","coordinates":[3.14472,50.59827]},"properties":{"cat":"travaux","sev":"medium","road":"A27","desc":"à 4 km à l'ouest de Baisieux - Camphin-en-Pévèle · De Belgique - Tournai vers Lille"}},{"type":"Feature","geometry":{"type":"Point","coordinates":[2.49421,48.83697]},"properties":{"cat":"travaux","sev":"high","road":"A86","desc":"au nord de Pont de Nogent · De Versailles vers Rueil-Malmaison"}},{"type":"Feature","geometry":{"type":"Point","coordinates":[2.31254,48.73311]},"properties":{"cat":"travaux","sev":"medium","road":"A10","desc":"à 260 m au nord de Antony · De Bordeaux vers Paris"}},{"type":"Feature","geometry":{"type":"Point","coordinates":[0.1249,45.6598]},"properties":{"cat":"travaux","sev":"medium","road":"N10","desc":"à 3 km au sud de Angoulême nord · De Paris vers Bordeaux"}},{"type":"Feature","geometry":{"type":"Point","coordinates":[2.00374,50.93272]},"properties":{"cat":"travaux","sev":"medium","road":"A16","desc":"à 1 km à l'est de Calais est · De Paris vers Belgique - Oostende"}},{"type":"Feature","geometry":{"type":"Point","coordinates":[1.96712,48.76324]},"properties":{"cat":"travaux","sev":"high","road":"N10","desc":"au sud de 26265 · De Paris vers Espagne - San Sebastián"}},{"type":"Feature","geometry":{"type":"Point","coordinates":[2.00784,48.77931]},"properties":{"cat":"travaux","sev":"high","road":"N10","desc":"à 7 km au nord de 23139 · De Espagne - San Sebastián vers Paris"}},{"type":"Feature","geometry":{"type":"Point","coordinates":[3.08283,50.6297]},"properties":{"cat":"travaux","sev":"medium","desc":"à 869 m au nord de Lille est · De Lille (A1 / A25) vers Roubaix"}},{"type":"Feature","geometry":{"type":"Point","coordinates":[2.2052,48.83947]},"properties":{"cat":"travaux","sev":"high","road":"A13","desc":"à 5 km à l'est de Saint-Nom-la-Bretèche · De Cherbourg vers Paris"}},{"type":"Feature","geometry":{"type":"Point","coordinates":[2.2052,48.83947]},"properties":{"cat":"travaux","sev":"high","road":"A13","desc":"à 5 km à l'est de Saint-Nom-la-Bretèche · De Cherbourg vers Paris"}},{"type":"Feature","geometry":{"type":"Point","coordinates":[2.25112,48.8492]},"properties":{"cat":"travaux","sev":"high","desc":"à 380 m à l'ouest de Paris - Porte d'Auteuil · De Paris vers Cherbourg"}},{"type":"Feature","geometry":{"type":"Point","coordinates":[2.24961,48.8484]},"properties":{"cat":"travaux","sev":"high","road":"A13","desc":"à l'ouest de Paris - Porte d'Auteuil · De Paris vers Cherbourg"}},{"type":"Feature","geometry":{"type":"Point","coordinates":[2.21899,48.83958]},"properties":{"cat":"travaux","sev":"high","desc":"à 2 km à l'ouest de Bois de Boulogne · De Paris vers Cherbourg"}},{"type":"Feature","geometry":{"type":"Point","coordinates":[2.08977,48.84428]},"properties":{"cat":"travaux","sev":"high","road":"A13","desc":"à 294 m au nord de Paris - Porte d'Auteuil · De Paris vers Cherbourg"}},{"type":"Feature","geometry":{"type":"Point","coordinates":[2.25883,50.99134]},"properties":{"cat":"travaux","sev":"medium","road":"A16","desc":"à l'est de Saint-Omer · De Paris vers Belgique - Oostende"}},{"type":"Feature","geometry":{"type":"Point","coordinates":[1.85313,48.80003]},"properties":{"cat":"travaux","sev":"medium","road":"N12","desc":"à 2 km à l'ouest de 13601 · De Paris vers Brest"}},{"type":"Feature","geometry":{"type":"Point","coordinates":[2.34117,48.67538]},"properties":{"cat":"travaux","sev":"medium","road":"A6","desc":"à 1 km au nord de Grigny · De Lyon vers Paris"}},{"type":"Feature","geometry":{"type":"Point","coordinates":[0.77536,43.65815]},"properties":{"cat":"travaux","sev":"high"}},{"type":"Feature","geometry":{"type":"Point","coordinates":[2.28277,48.71291]},"properties":{"cat":"travaux","sev":"high","road":"A126","desc":"à 550 m à l'ouest de A6 · De Chilly-Mazarin (A6) vers Palaiseau (D36)"}},{"type":"Feature","geometry":{"type":"Point","coordinates":[1.83919,48.65787]},"properties":{"cat":"travaux","sev":"medium","road":"N10","desc":"à 1 km au sud de Le Perray-en-Yvelines Sud · De Paris vers Espagne - San Sebastián"}},{"type":"Feature","geometry":{"type":"Point","coordinates":[3.19899,50.52964]},"properties":{"cat":"travaux","sev":"medium","road":"A23","desc":"à 4 km au sud de Lesquin Zone-d'Activités · De Lille vers Valenciennes"}},{"type":"Feature","geometry":{"type":"Point","coordinates":[6.1053,48.96771]},"properties":{"cat":"travaux","sev":"medium","road":"A31","desc":"à 7 km au sud de Fey · De Luxembourg vers Lyon"}},{"type":"Feature","geometry":{"type":"Point","coordinates":[6.17744,49.2607]},"properties":{"cat":"travaux","sev":"medium","road":"A31","desc":"à 1 km au nord de Talange · De Lyon vers Luxembourg"}},{"type":"Feature","geometry":{"type":"Point","coordinates":[2.76355,50.7159]},"properties":{"cat":"travaux","sev":"medium","road":"A25","desc":"à 3 km à l'ouest de Armentières - Nieppe · De Lille vers Dunkerque"}},{"type":"Feature","geometry":{"type":"Point","coordinates":[-1.50957,48.10706]},"properties":{"cat":"travaux","sev":"medium","road":"N157","desc":"à 808 m à l'ouest de Mont Moré · De Le Mans vers Rennes"}},{"type":"Feature","geometry":{"type":"Point","coordinates":[-1.61411,48.14821]},"properties":{"cat":"travaux","sev":"medium","road":"N136","desc":"à 831 m à l'ouest de Rennes Porte de Tizé"}},{"type":"Feature","geometry":{"type":"Point","coordinates":[-1.57232,48.12011]},"properties":{"cat":"travaux","sev":"medium","road":"N136","desc":"à 2 km au nord de Rennes - Porte de Valette"}},{"type":"Feature","geometry":{"type":"Point","coordinates":[-1.61023,48.10132]},"properties":{"cat":"travaux","sev":"medium","road":"N136","desc":"à 381 m à l'ouest de Rennes - Porte de Beaulieu"}},{"type":"Feature","geometry":{"type":"Point","coordinates":[-1.55363,48.11387]},"properties":{"cat":"travaux","sev":"medium","road":"N157","desc":"à 10 km à l'ouest de Montigné"}}]}